database,pathway,set_id,treatment,n,rho,p,padj
Hallmark,HALLMARK_ALLOGRAFT_REJECTION,Hallmark|HALLMARK_ALLOGRAFT_REJECTION,HLRT,33,-0.18382352941176472,0.3058219532868942,0.6498716507346503
Hallmark,HALLMARK_ALLOGRAFT_REJECTION,Hallmark|HALLMARK_ALLOGRAFT_REJECTION,BFR,32,-0.3024193548387097,0.09250455649815871,0.9809807451471845
Hallmark,HALLMARK_OXIDATIVE_PHOSPHORYLATION,Hallmark|HALLMARK_OXIDATIVE_PHOSPHORYLATION,HLRT,33,0.2540106951871658,0.15374266820273463,0.568179425966628
Hallmark,HALLMARK_OXIDATIVE_PHOSPHORYLATION,Hallmark|HALLMARK_OXIDATIVE_PHOSPHORYLATION,BFR,32,0.02126099706744868,0.9080502863308837,0.9895419786939116
Hallmark,HALLMARK_SPERMATOGENESIS,Hallmark|HALLMARK_SPERMATOGENESIS,HLRT,33,-0.011697860962566845,0.9484844405922174,0.9687033420833517
Hallmark,HALLMARK_SPERMATOGENESIS,Hallmark|HALLMARK_SPERMATOGENESIS,BFR,32,-0.08760997067448681,0.6335062181554585,0.9809807451471845
Reactome,REACTOME_AEROBIC_RESPIRATION_AND_RESPIRATORY_ELECTRON_TRANSPORT,Reactome|REACTOME_AEROBIC_RESPIRATION_AND_RESPIRATORY_ELECTRON_TRANSPORT,HLRT,33,0.14171122994652408,0.43147971323820355,0.7335155125049461
Reactome,REACTOME_AEROBIC_RESPIRATION_AND_RESPIRATORY_ELECTRON_TRANSPORT,Reactome|REACTOME_AEROBIC_RESPIRATION_AND_RESPIRATORY_ELECTRON_TRANSPORT,BFR,32,0.05535190615835777,0.7634978368884072,0.9809807451471845
Reactome,REACTOME_CHROMATIN_ORGANIZATION,Reactome|REACTOME_CHROMATIN_ORGANIZATION,HLRT,33,0.17647058823529413,0.32590468241208925,0.6595690001197044
Reactome,REACTOME_CHROMATIN_ORGANIZATION,Reactome|REACTOME_CHROMATIN_ORGANIZATION,BFR,32,0.031158357771260994,0.865571245718104,0.9809807451471845
Reactome,REACTOME_CITRIC_ACID_CYCLE_TCA_CYCLE,Reactome|REACTOME_CITRIC_ACID_CYCLE_TCA_CYCLE,HLRT,33,0.28342245989304815,0.10996950313226694,0.5193004314579273
Reactome,REACTOME_CITRIC_ACID_CYCLE_TCA_CYCLE,Reactome|REACTOME_CITRIC_ACID_CYCLE_TCA_CYCLE,BFR,32,0.16092375366568915,0.37893593799187786,0.9809807451471845
Reactome,REACTOME_COMPLEX_III_ASSEMBLY,Reactome|REACTOME_COMPLEX_III_ASSEMBLY,HLRT,33,0.24030748663101603,0.1779576562655729,0.594070163745672
Reactome,REACTOME_COMPLEX_III_ASSEMBLY,Reactome|REACTOME_COMPLEX_III_ASSEMBLY,BFR,32,0.125366568914956,0.49418361415392986,0.9809807451471845
Reactome,REACTOME_COMPLEX_IV_ASSEMBLY,Reactome|REACTOME_COMPLEX_IV_ASSEMBLY,HLRT,33,-0.05949197860962567,0.7422544505521216,0.955933762074702
Reactome,REACTOME_COMPLEX_IV_ASSEMBLY,Reactome|REACTOME_COMPLEX_IV_ASSEMBLY,BFR,32,0.0531524926686217,0.7726445452531768,0.9809807451471845
Reactome,REACTOME_MITOCHONDRIAL_PROTEIN_DEGRADATION,Reactome|REACTOME_MITOCHONDRIAL_PROTEIN_DEGRADATION,HLRT,33,0.26504010695187163,0.13605647462351717,0.5256727428635891
Reactome,REACTOME_MITOCHONDRIAL_PROTEIN_DEGRADATION,Reactome|REACTOME_MITOCHONDRIAL_PROTEIN_DEGRADATION,BFR,32,-0.001099706744868035,0.9952339710589633,0.9952339710589633
Reactome,REACTOME_MITOCHONDRIAL_TRANSLATION,Reactome|REACTOME_MITOCHONDRIAL_TRANSLATION,HLRT,33,0.2322860962566845,0.19332422174169764,0.5969389280050014
Reactome,REACTOME_MITOCHONDRIAL_TRANSLATION,Reactome|REACTOME_MITOCHONDRIAL_TRANSLATION,BFR,32,0.06488269794721407,0.7242373690376971,0.9809807451471845
Reactome,REACTOME_PROTEIN_LOCALIZATION,Reactome|REACTOME_PROTEIN_LOCALIZATION,HLRT,33,0.04578877005347594,0.8002475072362792,0.9574562713286752
Reactome,REACTOME_PROTEIN_LOCALIZATION,Reactome|REACTOME_PROTEIN_LOCALIZATION,BFR,32,0.03665689149560117,0.8421224928098059,0.9809807451471845
Reactome,REACTOME_REGULATION_OF_CHOLESTEROL_BIOSYNTHESIS_BY_SREBP_SREBF,Reactome|REACTOME_REGULATION_OF_CHOLESTEROL_BIOSYNTHESIS_BY_SREBP_SREBF,HLRT,33,0.4037433155080214,0.019802019514531356,0.22881523033929776
Reactome,REACTOME_REGULATION_OF_CHOLESTEROL_BIOSYNTHESIS_BY_SREBP_SREBF,Reactome|REACTOME_REGULATION_OF_CHOLESTEROL_BIOSYNTHESIS_BY_SREBP_SREBF,BFR,32,0.08394428152492668,0.6478324222371901,0.9809807451471845
Reactome,REACTOME_SIGNALING_BY_RETINOIC_ACID,Reactome|REACTOME_SIGNALING_BY_RETINOIC_ACID,HLRT,33,-0.01537433155080214,0.9323263794090122,0.9664358810947078
Reactome,REACTOME_SIGNALING_BY_RETINOIC_ACID,Reactome|REACTOME_SIGNALING_BY_RETINOIC_ACID,BFR,32,0.042888563049853376,0.8157079973517641,0.9809807451471845
Reactome,REACTOME_TRNA_AMINOACYLATION,Reactome|REACTOME_TRNA_AMINOACYLATION,HLRT,33,0.45287433155080214,0.008133301734753427,0.19160058592159074
Reactome,REACTOME_TRNA_AMINOACYLATION,Reactome|REACTOME_TRNA_AMINOACYLATION,BFR,32,0.2716275659824047,0.13261689293546475,0.9809807451471845
GOBP,GOBP_ACETYL_COA_METABOLIC_PROCESS,GOBP|GOBP_ACETYL_COA_METABOLIC_PROCESS,HLRT,33,0.21356951871657753,0.23271793505045701,0.6181570149777764
GOBP,GOBP_ACETYL_COA_METABOLIC_PROCESS,GOBP|GOBP_ACETYL_COA_METABOLIC_PROCESS,BFR,32,0.04435483870967742,0.8095204829126814,0.9809807451471845
GOBP,GOBP_ACYL_COA_METABOLIC_PROCESS,GOBP|GOBP_ACYL_COA_METABOLIC_PROCESS,HLRT,33,0.08221925133689839,0.6492002448128054,0.8795100430440279
GOBP,GOBP_ACYL_COA_METABOLIC_PROCESS,GOBP|GOBP_ACYL_COA_METABOLIC_PROCESS,BFR,32,0.056818181818181816,0.7574173060509464,0.9809807451471845
GOBP,GOBP_AMIDE_BIOSYNTHETIC_PROCESS,GOBP|GOBP_AMIDE_BIOSYNTHETIC_PROCESS,HLRT,33,0.2306149732620321,0.19663870569576516,0.5969389280050014
GOBP,GOBP_AMIDE_BIOSYNTHETIC_PROCESS,GOBP|GOBP_AMIDE_BIOSYNTHETIC_PROCESS,BFR,32,0.08321114369501466,0.6507127872900168,0.9809807451471845
GOBP,GOBP_AMINO_ACID_METABOLIC_PROCESS,GOBP|GOBP_AMINO_ACID_METABOLIC_PROCESS,HLRT,33,0.481951871657754,0.004510444149839419,0.19160058592159074
GOBP,GOBP_AMINO_ACID_METABOLIC_PROCESS,GOBP|GOBP_AMINO_ACID_METABOLIC_PROCESS,BFR,32,0.1125366568914956,0.539725166205034,0.9809807451471845
GOBP,GOBP_AMYLOID_FIBRIL_FORMATION,GOBP|GOBP_AMYLOID_FIBRIL_FORMATION,HLRT,33,0.12901069518716576,0.47427992651165907,0.748370458337129
GOBP,GOBP_AMYLOID_FIBRIL_FORMATION,GOBP|GOBP_AMYLOID_FIBRIL_FORMATION,BFR,32,-0.17485337243401758,0.33848234127694987,0.9809807451471845
GOBP,GOBP_AUTOPHAGOSOME_MATURATION,GOBP|GOBP_AUTOPHAGOSOME_MATURATION,HLRT,33,-0.04044117647058824,0.823185021965642,0.9574562713286752
GOBP,GOBP_AUTOPHAGOSOME_MATURATION,GOBP|GOBP_AUTOPHAGOSOME_MATURATION,BFR,32,0.07514662756598241,0.682716086693602,0.9809807451471845
GOBP,GOBP_BRANCHED_CHAIN_AMINO_ACID_METABOLIC_PROCESS,GOBP|GOBP_BRANCHED_CHAIN_AMINO_ACID_METABOLIC_PROCESS,HLRT,33,0.36530748663101603,0.036574694767069184,0.28262264138189824
GOBP,GOBP_BRANCHED_CHAIN_AMINO_ACID_METABOLIC_PROCESS,GOBP|GOBP_BRANCHED_CHAIN_AMINO_ACID_METABOLIC_PROCESS,BFR,32,0.09897360703812316,0.5899350180318629,0.9809807451471845
GOBP,GOBP_CANONICAL_NF_KAPPAB_SIGNAL_TRANSDUCTION,GOBP|GOBP_CANONICAL_NF_KAPPAB_SIGNAL_TRANSDUCTION,HLRT,33,-0.33322192513368987,0.058096998905789204,0.3798649928455448
GOBP,GOBP_CANONICAL_NF_KAPPAB_SIGNAL_TRANSDUCTION,GOBP|GOBP_CANONICAL_NF_KAPPAB_SIGNAL_TRANSDUCTION,BFR,32,-0.1898826979472141,0.29791684371643334,0.9809807451471845
GOBP,GOBP_CARBOXYLIC_ACID_TRANSMEMBRANE_TRANSPORT,GOBP|GOBP_CARBOXYLIC_ACID_TRANSMEMBRANE_TRANSPORT,HLRT,33,0.3987299465240642,0.021535551090757436,0.22881523033929776
GOBP,GOBP_CARBOXYLIC_ACID_TRANSMEMBRANE_TRANSPORT,GOBP|GOBP_CARBOXYLIC_ACID_TRANSMEMBRANE_TRANSPORT,BFR,32,0.007331378299120234,0.9682342625092057,0.9952339710589633
GOBP,GOBP_CYTOCHROME_COMPLEX_ASSEMBLY,GOBP|GOBP_CYTOCHROME_COMPLEX_ASSEMBLY,HLRT,33,0.08155080213903744,0.6518721495502795,0.8795100430440279
GOBP,GOBP_CYTOCHROME_COMPLEX_ASSEMBLY,GOBP|GOBP_CYTOCHROME_COMPLEX_ASSEMBLY,BFR,32,0.12316715542521993,0.5018495355231954,0.9809807451471845
GOBP,GOBP_DEVELOPMENTAL_CELL_GROWTH,GOBP|GOBP_DEVELOPMENTAL_CELL_GROWTH,HLRT,33,0.15274064171122995,0.3961086670909033,0.7335155125049461
GOBP,GOBP_DEVELOPMENTAL_CELL_GROWTH,GOBP|GOBP_DEVELOPMENTAL_CELL_GROWTH,BFR,32,0.07111436950146627,0.6989274391699132,0.9809807451471845
GOBP,GOBP_DEVELOPMENTAL_MATURATION,GOBP|GOBP_DEVELOPMENTAL_MATURATION,HLRT,33,0.027406417112299464,0.8796636910411234,0.9574562713286752
GOBP,GOBP_DEVELOPMENTAL_MATURATION,GOBP|GOBP_DEVELOPMENTAL_MATURATION,BFR,32,-0.08797653958944282,0.6320806342387066,0.9809807451471845
GOBP,GOBP_ENDOSOME_ORGANIZATION,GOBP|GOBP_ENDOSOME_ORGANIZATION,HLRT,33,0.19719251336898397,0.27135365330972994,0.6406961258701956
GOBP,GOBP_ENDOSOME_ORGANIZATION,GOBP|GOBP_ENDOSOME_ORGANIZATION,BFR,32,-0.0018328445747800585,0.9920566981279078,0.9952339710589633
GOBP,GOBP_ENDOSOME_TO_LYSOSOME_TRANSPORT,GOBP|GOBP_ENDOSOME_TO_LYSOSOME_TRANSPORT,HLRT,33,0.0999331550802139,0.580040723866565,0.8500596815285867
GOBP,GOBP_ENDOSOME_TO_LYSOSOME_TRANSPORT,GOBP|GOBP_ENDOSOME_TO_LYSOSOME_TRANSPORT,BFR,32,0.05535190615835777,0.7634978368884072,0.9809807451471845
GOBP,GOBP_EPIGENETIC_REGULATION_OF_GENE_EXPRESSION,GOBP|GOBP_EPIGENETIC_REGULATION_OF_GENE_EXPRESSION,HLRT,33,-0.12165775401069519,0.5000346509203473,0.75898116657552706
GOBP,GOBP_EPIGENETIC_REGULATION_OF_GENE_EXPRESSION,GOBP|GOBP_EPIGENETIC_REGULATION_OF_GENE_EXPRESSION,BFR,32,0.18914956011730205,0.29982087387369494,0.9809807451471845
GOBP,GOBP_ERAD_PATHWAY,GOBP|GOBP_ERAD_PATHWAY,HLRT,33,0.14405080213903743,0.42383492889748653,0.7335155125049461
GOBP,GOBP_ERAD_PATHWAY,GOBP|GOBP_ERAD_PATHWAY,BFR,32,-0.08357771260997067,0.6492719826984914,0.9809807451471845
GOBP,GOBP_FATTY_ACID_METABOLIC_PROCESS,GOBP|GOBP_FATTY_ACID_METABOLIC_PROCESS,HLRT,33,0.40040106951871657,0.020944277783576624,0.22881523033929776
GOBP,GOBP_FATTY_ACID_METABOLIC_PROCESS,GOBP|GOBP_FATTY_ACID_METABOLIC_PROCESS,BFR,32,-0.006598240469208211,0.9714094739442114,0.9952339710589633
GOBP,GOBP_GENERATION_OF_PRECURSOR_METABOLITES_AND_ENERGY,GOBP|GOBP_GENERATION_OF_PRECURSOR_METABOLITES_AND_ENERGY,HLRT,33,0.05013368983957219,0.7817297057371495,0.9574562713286752
GOBP,GOBP_GENERATION_OF_PRECURSOR_METABOLITES_AND_ENERGY,GOBP|GOBP_GENERATION_OF_PRECURSOR_METABOLITES_AND_ENERGY,BFR,32,0.09567448680351907,0.6024494451452026,0.9809807451471845
GOBP,GOBP_HEART_MORPHOGENESIS,GOBP|GOBP_HEART_MORPHOGENESIS,HLRT,33,-0.28509358288770054,0.10779901705379719,0.5193004314579273
GOBP,GOBP_HEART_MORPHOGENESIS,GOBP|GOBP_HEART_MORPHOGENESIS,BFR,32,0.13526392961876832,0.4604367043837351,0.9809807451471845
GOBP,GOBP_KETONE_BIOSYNTHETIC_PROCESS,GOBP|GOBP_KETONE_BIOSYNTHETIC_PROCESS,HLRT,33,0.20655080213903743,0.2487946650753912,0.6214843801722713
GOBP,GOBP_KETONE_BIOSYNTHETIC_PROCESS,GOBP|GOBP_KETONE_BIOSYNTHETIC_PROCESS,BFR,32,0.21041055718475074,0.24772069630526528,0.9809807451471845
GOBP,GOBP_LEUKOCYTE_HOMEOSTASIS,GOBP|GOBP_LEUKOCYTE_HOMEOSTASIS,HLRT,33,-0.03609625668449198,0.8419290228887524,0.9574562713286752
GOBP,GOBP_LEUKOCYTE_HOMEOSTASIS,GOBP|GOBP_LEUKOCYTE_HOMEOSTASIS,BFR,32,0.0344574780058651,0.8514872108177872,0.9809807451471845
GOBP,GOBP_MITOCHONDRIAL_GENE_EXPRESSION,GOBP|GOBP_MITOCHONDRIAL_GENE_EXPRESSION,HLRT,33,0.2887700534759358,0.10313761160546178,0.5193004314579273
GOBP,GOBP_MITOCHONDRIAL_GENE_EXPRESSION,GOBP|GOBP_MITOCHONDRIAL_GENE_EXPRESSION,BFR,32,0.08797653958944282,0.6320806342387062,0.9809807451471845
GOBP,GOBP_MITOCHONDRIAL_RESPIRATORY_CHAIN_COMPLEX_ASSEMBLY,GOBP|GOBP_MITOCHONDRIAL_RESPIRATORY_CHAIN_COMPLEX_ASSEMBLY,HLRT,33,0.10260695187165775,0.5698939278887771,0.8498418222902817
GOBP,GOBP_MITOCHONDRIAL_RESPIRATORY_CHAIN_COMPLEX_ASSEMBLY,GOBP|GOBP_MITOCHONDRIAL_RESPIRATORY_CHAIN_COMPLEX_ASSEMBLY,BFR,32,0.09200879765395896,0.6164857352212592,0.9809807451471845
GOBP,GOBP_MITOCHONDRIAL_RNA_METABOLIC_PROCESS,GOBP|GOBP_MITOCHONDRIAL_RNA_METABOLIC_PROCESS,HLRT,33,0.3790106951871658,0.029616326045312592,0.25173877138515705
GOBP,GOBP_MITOCHONDRIAL_RNA_METABOLIC_PROCESS,GOBP|GOBP_MITOCHONDRIAL_RNA_METABOLIC_PROCESS,BFR,32,0.12903225806451613,0.4815404761070984,0.9809807451471845
GOBP,GOBP_MITOCHONDRION_ORGANIZATION,GOBP|GOBP_MITOCHONDRION_ORGANIZATION,HLRT,33,0.22459893048128343,0.20889773707277667,0.6037792227790673
GOBP,GOBP_MITOCHONDRION_ORGANIZATION,GOBP|GOBP_MITOCHONDRION_ORGANIZATION,BFR,32,0.10043988269794721,0.5844097997151296,0.9809807451471845
GOBP,GOBP_MODIFIED_AMINO_ACID_BIOSYNTHETIC_PROCESS,GOBP|GOBP_MODIFIED_AMINO_ACID_BIOSYNTHETIC_PROCESS,HLRT,33,0.1517379679144385,0.3992535905264015,0.7335155125049461
GOBP,GOBP_MODIFIED_AMINO_ACID_BIOSYNTHETIC_PROCESS,GOBP|GOBP_MODIFIED_AMINO_ACID_BIOSYNTHETIC_PROCESS,BFR,32,0.054252199413489736,0.7680673598588205,0.9809807451471845
GOBP,GOBP_MONOCARBOXYLIC_ACID_CATABOLIC_PROCESS,GOBP|GOBP_MONOCARBOXYLIC_ACID_CATABOLIC_PROCESS,HLRT,33,0.3806818181818182,0.02884733790282957,0.25173877138515705
GOBP,GOBP_MONOCARBOXYLIC_ACID_CATABOLIC_PROCESS,GOBP|GOBP_MONOCARBOXYLIC_ACID_CATABOLIC_PROCESS,BFR,32,0.08247800586510264,0.6535981109917728,0.9809807451471845
GOBP,GOBP_MYOBLAST_DIFFERENTIATION,GOBP|GOBP_MYOBLAST_DIFFERENTIATION,HLRT,33,-0.06316844919786097,0.7269148990369837,0.9505810218175941
GOBP,GOBP_MYOBLAST_DIFFERENTIATION,GOBP|GOBP_MYOBLAST_DIFFERENTIATION,BFR,32,-0.2126099706744868,0.24269826885970947,0.9809807451471845
GOBP,GOBP_NADH_DEHYDROGENASE_COMPLEX_ASSEMBLY,GOBP|GOBP_NADH_DEHYDROGENASE_COMPLEX_ASSEMBLY,HLRT,33,0.13502673796791445,0.4537353346367935,0.7416827585409125
GOBP,GOBP_NADH_DEHYDROGENASE_COMPLEX_ASSEMBLY,GOBP|GOBP_NADH_DEHYDROGENASE_COMPLEX_ASSEMBLY,BFR,32,0.056085043988269793,0.7604558158113944,0.9809807451471845
GOBP,GOBP_NEGATIVE_REGULATION_OF_GROWTH,GOBP|GOBP_NEGATIVE_REGULATION_OF_GROWTH,HLRT,33,-0.016042780748663103,0.9293912097086268,0.9664358810947078
GOBP,GOBP_NEGATIVE_REGULATION_OF_GROWTH,GOBP|GOBP_NEGATIVE_REGULATION_OF_GROWTH,BFR,32,0.2467008797653959,0.17345834504737898,0.9809807451471845
GOBP,GOBP_NEGATIVE_REGULATION_OF_INFLAMMATORY_RESPONSE,GOBP|GOBP_NEGATIVE_REGULATION_OF_INFLAMMATORY_RESPONSE,HLRT,33,0.009692513368983958,0.9573068321764888,0.9687033420833517
GOBP,GOBP_NEGATIVE_REGULATION_OF_INFLAMMATORY_RESPONSE,GOBP|GOBP_NEGATIVE_REGULATION_OF_INFLAMMATORY_RESPONSE,BFR,32,0.09714076246334312,0.5968734614273277,0.9809807451471845
GOBP,GOBP_NEGATIVE_REGULATION_OF_WNT_SIGNALING_PATHWAY,GOBP|GOBP_NEGATIVE_REGULATION_OF_WNT_SIGNALING_PATHWAY,HLRT,33,-0.034759358288770054,0.8477140817369526,0.9574562713286752
GOBP,GOBP_NEGATIVE_REGULATION_OF_WNT_SIGNALING_PATHWAY,GOBP|GOBP_NEGATIVE_REGULATION_OF_WNT_SIGNALING_PATHWAY,BFR,32,0.08907624633431085,0.6278116800683591,0.9809807451471845
GOBP,GOBP_NUCLEAR_TRANSPORT,GOBP|GOBP_NUCLEAR_TRANSPORT,HLRT,33,0.24665775401069517,0.16642107693305536,0.589407980804571
GOBP,GOBP_NUCLEAR_TRANSPORT,GOBP|GOBP_NUCLEAR_TRANSPORT,BFR,32,-0.0436217008797654,0.8126128523247658,0.9809807451471845
GOBP,GOBP_NUCLEOSIDE_PHOSPHATE_BIOSYNTHETIC_PROCESS,GOBP|GOBP_NUCLEOSIDE_PHOSPHATE_BIOSYNTHETIC_PROCESS,HLRT,33,0.32419786096256686,0.06567519973743559,0.3987422841201446
GOBP,GOBP_NUCLEOSIDE_PHOSPHATE_BIOSYNTHETIC_PROCESS,GOBP|GOBP_NUCLEOSIDE_PHOSPHATE_BIOSYNTHETIC_PROCESS,BFR,32,0.05975073313782991,0.7452992192140484,0.9809807451471845
GOBP,GOBP_ORGAN_GROWTH,GOBP|GOBP_ORGAN_GROWTH,HLRT,33,0.19151069518716576,0.2856799787553573,0.6498716507346503
GOBP,GOBP_ORGAN_GROWTH,GOBP|GOBP_ORGAN_GROWTH,BFR,32,0.250366568914956,0.16695135932188693,0.9809807451471845
GOBP,GOBP_OXIDATIVE_PHOSPHORYLATION,GOBP|GOBP_OXIDATIVE_PHOSPHORYLATION,HLRT,33,-0.026403743315508023,0.8840360735526012,0.9574562713286752
GOBP,GOBP_OXIDATIVE_PHOSPHORYLATION,GOBP|GOBP_OXIDATIVE_PHOSPHORYLATION,BFR,32,-0.005498533724340176,0.9761730826567736,0.9952339710589633
GOBP,GOBP_PHOSPHOLIPID_METABOLIC_PROCESS,GOBP|GOBP_PHOSPHOLIPID_METABOLIC_PROCESS,HLRT,33,0.18415775401069517,0.30492805731450695,0.6498716507346503
GOBP,GOBP_PHOSPHOLIPID_METABOLIC_PROCESS,GOBP|GOBP_PHOSPHOLIPID_METABOLIC_PROCESS,BFR,32,0.1781524926686217,0.32930217724446254,0.9809807451471845
GOBP,GOBP_POSITIVE_REGULATION_OF_AUTOPHAGY,GOBP|GOBP_POSITIVE_REGULATION_OF_AUTOPHAGY,HLRT,33,0.178475935828877,0.32034852969945005,0.6595690001197044
GOBP,GOBP_POSITIVE_REGULATION_OF_AUTOPHAGY,GOBP|GOBP_POSITIVE_REGULATION_OF_AUTOPHAGY,BFR,32,-0.17925219941348972,0.32627648146877797,0.9809807451471845
GOBP,GOBP_POSITIVE_REGULATION_OF_CYTOSOLIC_CALCIUM_ION_CONCENTRATION,GOBP|GOBP_POSITIVE_REGULATION_OF_CYTOSOLIC_CALCIUM_ION_CONCENTRATION,HLRT,33,-0.4475267379679144,0.009016498161016035,0.19160058592159074
GOBP,GOBP_POSITIVE_REGULATION_OF_CYTOSOLIC_CALCIUM_ION_CONCENTRATION,GOBP|GOBP_POSITIVE_REGULATION_OF_CYTOSOLIC_CALCIUM_ION_CONCENTRATION,BFR,32,0.188049853372434,0.3026913240137932,0.9809807451471845
GOBP,GOBP_POSITIVE_REGULATION_OF_GROWTH,GOBP|GOBP_POSITIVE_REGULATION_OF_GROWTH,HLRT,33,-0.3014705882352941,0.08820102760253007,0.49980582308100374
GOBP,GOBP_POSITIVE_REGULATION_OF_GROWTH,GOBP|GOBP_POSITIVE_REGULATION_OF_GROWTH,BFR,32,0.056818181818181816,0.7574173060509464,0.9809807451471845
GOBP,GOBP_POSITIVE_REGULATION_OF_PATTERN_RECOGNITION_RECEPTOR_SIGNALING_PATHWAY,GOBP|GOBP_POSITIVE_REGULATION_OF_PATTERN_RECOGNITION_RECEPTOR_SIGNALING_PATHWAY,HLRT,33,0.3449197860962567,0.04932039198201311,0.3493527765392595
GOBP,GOBP_POSITIVE_REGULATION_OF_PATTERN_RECOGNITION_RECEPTOR_SIGNALING_PATHWAY,GOBP|GOBP_POSITIVE_REGULATION_OF_PATTERN_RECOGNITION_RECEPTOR_SIGNALING_PATHWAY,BFR,32,-0.031158357771260994,0.8655712457181035,0.9809807451471845
GOBP,GOBP_POSITIVE_REGULATION_OF_PROTEIN_MODIFICATION_PROCESS,GOBP|GOBP_POSITIVE_REGULATION_OF_PROTEIN_MODIFICATION_PROCESS,HLRT,33,0.22259358288770054,0.21309854921614138,0.6037792227790673
GOBP,GOBP_POSITIVE_REGULATION_OF_PROTEIN_MODIFICATION_PROCESS,GOBP|GOBP_POSITIVE_REGULATION_OF_PROTEIN_MODIFICATION_PROCESS,BFR,32,0.11143695014662756,0.5437193261590425,0.9809807451471845
GOBP,GOBP_POSITIVE_REGULATION_OF_PROTEIN_UBIQUITINATION,GOBP|GOBP_POSITIVE_REGULATION_OF_PROTEIN_UBIQUITINATION,HLRT,33,-0.08288770053475936,0.64653262415867,0.8795100430440279
GOBP,GOBP_POSITIVE_REGULATION_OF_PROTEIN_UBIQUITINATION,GOBP|GOBP_POSITIVE_REGULATION_OF_PROTEIN_UBIQUITINATION,BFR,32,0.1279325513196481,0.4853157815746558,0.9809807451471845
GOBP,GOBP_POSITIVE_REGULATION_OF_PROTEOLYSIS,GOBP|GOBP_POSITIVE_REGULATION_OF_PROTEOLYSIS,HLRT,33,0.12867647058823528,0.47543535000241133,0.748370458337129
GOBP,GOBP_POSITIVE_REGULATION_OF_PROTEOLYSIS,GOBP|GOBP_POSITIVE_REGULATION_OF_PROTEOLYSIS,BFR,32,-0.13856304985337242,0.449466315356463,0.9809807451471845
GOBP,GOBP_POSITIVE_REGULATION_OF_SYNAPTIC_TRANSMISSION,GOBP|GOBP_POSITIVE_REGULATION_OF_SYNAPTIC_TRANSMISSION,HLRT,33,-0.12566844919786097,0.4858998895401717,0.7509361929257199
GOBP,GOBP_POSITIVE_REGULATION_OF_SYNAPTIC_TRANSMISSION,GOBP|GOBP_POSITIVE_REGULATION_OF_SYNAPTIC_TRANSMISSION,BFR,32,-0.004765395894428153,0.979349279869665,0.9952339710589633
GOBP,GOBP_PROTEIN_AUTOPHOSPHORYLATION,GOBP|GOBP_PROTEIN_AUTOPHOSPHORYLATION,HLRT,33,0.2690508021390374,0.13001069239704474,0.5256727428635891
GOBP,GOBP_PROTEIN_AUTOPHOSPHORYLATION,GOBP|GOBP_PROTEIN_AUTOPHOSPHORYLATION,BFR,32,-0.18181818181818182,0.31928345899501487,0.9809807451471845
GOBP,GOBP_PROTEIN_IMPORT_INTO_MITOCHONDRIAL_MATRIX,GOBP|GOBP_PROTEIN_IMPORT_INTO_MITOCHONDRIAL_MATRIX,HLRT,33,0.26504010695187163,0.13605647462351717,0.5256727428635891
GOBP,GOBP_PROTEIN_IMPORT_INTO_MITOCHONDRIAL_MATRIX,GOBP|GOBP_PROTEIN_IMPORT_INTO_MITOCHONDRIAL_MATRIX,BFR,32,-0.10190615835777125,0.5789075495883623,0.9809807451471845
GOBP,GOBP_PROTEIN_K48_LINKED_UBIQUITINATION,GOBP|GOBP_PROTEIN_K48_LINKED_UBIQUITINATION,HLRT,33,0.04879679144385027,0.7874154792984165,0.9574562713286752
GOBP,GOBP_PROTEIN_K48_LINKED_UBIQUITINATION,GOBP|GOBP_PROTEIN_K48_LINKED_UBIQUITINATION,BFR,32,-0.047653958944281524,0.7956403532668458,0.9809807451471845
GOBP,GOBP_PROTEIN_K63_LINKED_UBIQUITINATION,GOBP|GOBP_PROTEIN_K63_LINKED_UBIQUITINATION,HLRT,33,-0.03141711229946524,0.8622102636715574,0.9574562713286752
GOBP,GOBP_PROTEIN_K63_LINKED_UBIQUITINATION,GOBP|GOBP_PROTEIN_K63_LINKED_UBIQUITINATION,BFR,32,-0.06085043988269794,0.7407701394054167,0.9809807451471845
GOBP,GOBP_PROTEIN_LOCALIZATION_TO_NUCLEUS,GOBP|GOBP_PROTEIN_LOCALIZATION_TO_NUCLEUS,HLRT,33,0.13770053475935828,0.44476011125125836,0.7412668520854306
GOBP,GOBP_PROTEIN_LOCALIZATION_TO_NUCLEUS,GOBP|GOBP_PROTEIN_LOCALIZATION_TO_NUCLEUS,BFR,32,-0.12756598240469208,0.4865775869825686,0.9809807451471845
GOBP,GOBP_PROTEIN_MONOUBIQUITINATION,GOBP|GOBP_PROTEIN_MONOUBIQUITINATION,HLRT,33,0.025066844919786096,0.8898711227642981,0.9574562713286752
GOBP,GOBP_PROTEIN_MONOUBIQUITINATION,GOBP|GOBP_PROTEIN_MONOUBIQUITINATION,BFR,32,0.12206744868035191,0.5057047621435784,0.9809807451471845
GOBP,GOBP_PROTEIN_POLYUBIQUITINATION,GOBP|GOBP_PROTEIN_POLYUBIQUITINATION,HLRT,33,-0.03208556149732621,0.8593073405151732,0.9574562713286752
GOBP,GOBP_PROTEIN_POLYUBIQUITINATION,GOBP|GOBP_PROTEIN_POLYUBIQUITINATION,BFR,32,0.08357771260997067,0.6492719826984911,0.9809807451471845
GOBP,GOBP_PROTEIN_TRANSMEMBRANE_TRANSPORT,GOBP|GOBP_PROTEIN_TRANSMEMBRANE_TRANSPORT,HLRT,33,0.23830213903743316,0.18171557949867614,0.594070163745672
GOBP,GOBP_PROTEIN_TRANSMEMBRANE_TRANSPORT,GOBP|GOBP_PROTEIN_TRANSMEMBRANE_TRANSPORT,BFR,32,-0.0780791788856305,0.6710121625864035,0.9809807451471845
GOBP,GOBP_REGULATION_OF_ACTOMYOSIN_STRUCTURE_ORGANIZATION,GOBP|GOBP_REGULATION_OF_ACTOMYOSIN_STRUCTURE_ORGANIZATION,HLRT,33,-0.21691176470588236,0.22531435283945345,0.6177974190759207
GOBP,GOBP_REGULATION_OF_ACTOMYOSIN_STRUCTURE_ORGANIZATION,GOBP|GOBP_REGULATION_OF_ACTOMYOSIN_STRUCTURE_ORGANIZATION,BFR,32,-0.13966275659824048,0.44584104499822197,0.9809807451471845
GOBP,GOBP_REGULATION_OF_CELL_GROWTH,GOBP|GOBP_REGULATION_OF_CELL_GROWTH,HLRT,33,0.07453208556149733,0.6801785439521928,0.903362128686506
GOBP,GOBP_REGULATION_OF_CELL_GROWTH,GOBP|GOBP_REGULATION_OF_CELL_GROWTH,BFR,32,0.2470674486803519,0.17279967431494048,0.9809807451471845
GOBP,GOBP_REGULATION_OF_DNA_BINDING_TRANSCRIPTION_FACTOR_ACTIVITY,GOBP|GOBP_REGULATION_OF_DNA_BINDING_TRANSCRIPTION_FACTOR_ACTIVITY,HLRT,33,-0.1858288770053476,0.3004833310143989,0.6498716507346503
GOBP,GOBP_REGULATION_OF_DNA_BINDING_TRANSCRIPTION_FACTOR_ACTIVITY,GOBP|GOBP_REGULATION_OF_DNA_BINDING_TRANSCRIPTION_FACTOR_ACTIVITY,BFR,32,-0.16348973607038123,0.37127964739336117,0.9809807451471845
GOBP,GOBP_REGULATION_OF_GENERATION_OF_PRECURSOR_METABOLITES_AND_ENERGY,GOBP|GOBP_REGULATION_OF_GENERATION_OF_PRECURSOR_METABOLITES_AND_ENERGY,HLRT,33,0.02072192513368984,0.9088726948802045,0.9656772383102172
GOBP,GOBP_REGULATION_OF_GENERATION_OF_PRECURSOR_METABOLITES_AND_ENERGY,GOBP|GOBP_REGULATION_OF_GENERATION_OF_PRECURSOR_METABOLITES_AND_ENERGY,BFR,32,0.31341642228739003,0.08068478164462675,0.9809807451471845
GOBP,GOBP_REGULATION_OF_MUSCLE_HYPERTROPHY,GOBP|GOBP_REGULATION_OF_MUSCLE_HYPERTROPHY,HLRT,33,0.08790106951871658,0.6266648621266663,0.8795100430440279
GOBP,GOBP_REGULATION_OF_MUSCLE_HYPERTROPHY,GOBP|GOBP_REGULATION_OF_MUSCLE_HYPERTROPHY,BFR,32,-0.041788856304985335,0.820355822027871,0.9809807451471845
GOBP,GOBP_REGULATION_OF_MUSCLE_SYSTEM_PROCESS,GOBP|GOBP_REGULATION_OF_MUSCLE_SYSTEM_PROCESS,HLRT,33,-0.4164438502673797,0.015921901415558774,0.22881523033929776
GOBP,GOBP_REGULATION_OF_MUSCLE_SYSTEM_PROCESS,GOBP|GOBP_REGULATION_OF_MUSCLE_SYSTEM_PROCESS,BFR,32,0.01686217008797654,0.9270173379146762,0.9952339710589633
GOBP,GOBP_REGULATION_OF_NEURON_DIFFERENTIATION,GOBP|GOBP_REGULATION_OF_NEURON_DIFFERENTIATION,HLRT,33,-0.142379679144385,0.42928777333845003,0.7335155125049461
GOBP,GOBP_REGULATION_OF_NEURON_DIFFERENTIATION,GOBP|GOBP_REGULATION_OF_NEURON_DIFFERENTIATION,BFR,32,-0.20234604105571846,0.2667238051796109,0.9809807451471845
GOBP,GOBP_REGULATION_OF_POST_TRANSLATIONAL_PROTEIN_MODIFICATION,GOBP|GOBP_REGULATION_OF_POST_TRANSLATIONAL_PROTEIN_MODIFICATION,HLRT,33,0.003676470588235294,0.9837997444784631,0.9837997444784631
GOBP,GOBP_REGULATION_OF_POST_TRANSLATIONAL_PROTEIN_MODIFICATION,GOBP|GOBP_REGULATION_OF_POST_TRANSLATIONAL_PROTEIN_MODIFICATION,BFR,32,0.04032258064516129,0.8265622209634642,0.9809807451471845
GOBP,GOBP_REGULATION_OF_PROTEIN_SERINE_THREONINE_KINASE_ACTIVITY,GOBP|GOBP_REGULATION_OF_PROTEIN_SERINE_THREONINE_KINASE_ACTIVITY,HLRT,33,0.029745989304812835,0.8694752360288569,0.9574562713286752
GOBP,GOBP_REGULATION_OF_PROTEIN_SERINE_THREONINE_KINASE_ACTIVITY,GOBP|GOBP_REGULATION_OF_PROTEIN_SERINE_THREONINE_KINASE_ACTIVITY,BFR,32,-0.042888563049853376,0.8157079973517637,0.9809807451471845
GOBP,GOBP_REGULATION_OF_SMALL_MOLECULE_METABOLIC_PROCESS,GOBP|GOBP_REGULATION_OF_SMALL_MOLECULE_METABOLIC_PROCESS,HLRT,33,0.2035427807486631,0.2559053330121117,0.6214843801722713
GOBP,GOBP_REGULATION_OF_SMALL_MOLECULE_METABOLIC_PROCESS,GOBP|GOBP_REGULATION_OF_SMALL_MOLECULE_METABOLIC_PROCESS,BFR,32,0.11070381231671554,0.5463898283812105,0.9809807451471845
GOBP,GOBP_REGULATION_OF_SYNAPTIC_PLASTICITY,GOBP|GOBP_REGULATION_OF_SYNAPTIC_PLASTICITY,HLRT,33,0.0875668449197861,0.6279815970315186,0.8795100430440279
GOBP,GOBP_REGULATION_OF_SYNAPTIC_PLASTICITY,GOBP|GOBP_REGULATION_OF_SYNAPTIC_PLASTICITY,BFR,32,-0.1059384164222874,0.5638967760642057,0.9809807451471845
GOBP,GOBP_REGULATION_OF_TRANSMEMBRANE_TRANSPORT,GOBP|GOBP_REGULATION_OF_TRANSMEMBRANE_TRANSPORT,HLRT,33,-0.15407754010695188,0.3919376373936643,0.7335155125049461
GOBP,GOBP_REGULATION_OF_TRANSMEMBRANE_TRANSPORT,GOBP|GOBP_REGULATION_OF_TRANSMEMBRANE_TRANSPORT,BFR,32,-0.18475073313782991,0.31140634459505945,0.9809807451471845
GOBP,GOBP_REGULATION_OF_UBIQUITIN_DEPENDENT_PROTEIN_CATABOLIC_PROCESS,GOBP|GOBP_REGULATION_OF_UBIQUITIN_DEPENDENT_PROTEIN_CATABOLIC_PROCESS,HLRT,33,0.03776737967914438,0.8347091249286813,0.9574562713286752
GOBP,GOBP_REGULATION_OF_UBIQUITIN_DEPENDENT_PROTEIN_CATABOLIC_PROCESS,GOBP|GOBP_REGULATION_OF_UBIQUITIN_DEPENDENT_PROTEIN_CATABOLIC_PROCESS,BFR,32,-0.024193548387096774,0.8954325285296979,0.9884644795457704
GOBP,GOBP_RESPONSE_TO_ACTIVITY,GOBP|GOBP_RESPONSE_TO_ACTIVITY,HLRT,33,-0.15942513368983957,0.37550868587213704,0.7335155125049461
GOBP,GOBP_RESPONSE_TO_ACTIVITY,GOBP|GOBP_RESPONSE_TO_ACTIVITY,BFR,32,-0.23020527859237536,0.20496486338500294,0.9809807451471845
GOBP,GOBP_TRICARBOXYLIC_ACID_CYCLE,GOBP|GOBP_TRICARBOXYLIC_ACID_CYCLE,HLRT,33,0.204879679144385,0.25272864429031566,0.6214843801722713
GOBP,GOBP_TRICARBOXYLIC_ACID_CYCLE,GOBP|GOBP_TRICARBOXYLIC_ACID_CYCLE,BFR,32,0.10483870967741936,0.5679729289712875,0.9809807451471845
GOBP,GOBP_TRNA_METABOLIC_PROCESS,GOBP|GOBP_TRNA_METABOLIC_PROCESS,HLRT,33,0.2733957219251337,0.1236873024206297,0.5256727428635891
GOBP,GOBP_TRNA_METABOLIC_PROCESS,GOBP|GOBP_TRNA_METABOLIC_PROCESS,BFR,32,0.22800586510263932,0.20944578739468855,0.9809807451471845
GOBP,GOBP_TUMOR_NECROSIS_FACTOR_SUPERFAMILY_CYTOKINE_PRODUCTION,GOBP|GOBP_TUMOR_NECROSIS_FACTOR_SUPERFAMILY_CYTOKINE_PRODUCTION,HLRT,33,0.5297459893048129,0.0015218525713101832,0.12935746856136557
GOBP,GOBP_TUMOR_NECROSIS_FACTOR_SUPERFAMILY_CYTOKINE_PRODUCTION,GOBP|GOBP_TUMOR_NECROSIS_FACTOR_SUPERFAMILY_CYTOKINE_PRODUCTION,BFR,32,-0.10850439882697947,0.5544381306444384,0.9809807451471845
GOBP,GOBP_VACUOLAR_TRANSPORT,GOBP|GOBP_VACUOLAR_TRANSPORT,HLRT,33,0.14872994652406418,0.40877363131776556,0.7335155125049461
GOBP,GOBP_VACUOLAR_TRANSPORT,GOBP|GOBP_VACUOLAR_TRANSPORT,BFR,32,-0.026759530791788857,0.8844124416102015,0.9884644795457704
