set_id,database,pathway,rho_HLRT,rho_BFR,n_HLRT,n_BFR,z,p_difference,padj_difference
Hallmark|HALLMARK_ADIPOGENESIS,Hallmark,HALLMARK_ADIPOGENESIS,0.28910427807486633,-0.10483870967741936,33,32,1.5468140398156294,0.12190809371873959,0.9102133065951671
Hallmark|HALLMARK_ALLOGRAFT_REJECTION,Hallmark,HALLMARK_ALLOGRAFT_REJECTION,-0.18382352941176472,-0.3024193548387097,33,32,0.4847768795397155,0.627834624949714,0.9102133065951671
Hallmark|HALLMARK_ANDROGEN_RESPONSE,Hallmark,HALLMARK_ANDROGEN_RESPONSE,-0.22393048128342247,0.35777126099706746,33,32,-2.3121456602138992,0.020769657645371736,0.8515559634602412
Hallmark|HALLMARK_APICAL_JUNCTION,Hallmark,HALLMARK_APICAL_JUNCTION,-0.29712566844919786,-0.12903225806451613,33,32,-0.6781799212403998,0.4976576217838211,0.9102133065951671
Hallmark|HALLMARK_APOPTOSIS,Hallmark,HALLMARK_APOPTOSIS,0.007352941176470588,-0.10703812316715543,33,32,0.440845239799649,0.6593250395858975,0.9102133065951671
Hallmark|HALLMARK_BILE_ACID_METABOLISM,Hallmark,HALLMARK_BILE_ACID_METABOLISM,0.02540106951871658,-0.019794721407624633,33,32,0.1735837113316646,0.8621926341465623,0.9102133065951671
Hallmark|HALLMARK_CHOLESTEROL_HOMEOSTASIS,Hallmark,HALLMARK_CHOLESTEROL_HOMEOSTASIS,0.023061497326203207,0.156524926686217,33,32,-0.5174687963312313,0.6048289458215772,0.9102133065951671
Hallmark|HALLMARK_COAGULATION,Hallmark,HALLMARK_COAGULATION,0.10995989304812834,0.02346041055718475,33,32,0.3338575923924003,0.7384870218022075,0.9102133065951671
Hallmark|HALLMARK_COMPLEMENT,Hallmark,HALLMARK_COMPLEMENT,0.14204545454545456,0.047653958944281524,33,32,0.36604024670894314,0.714335043930941,0.9102133065951671
Hallmark|HALLMARK_DNA_REPAIR,Hallmark,HALLMARK_DNA_REPAIR,0.19385026737967914,-0.18328445747800587,33,32,1.4657894871213195,0.14270564597481405,0.9102133065951671
Hallmark|HALLMARK_E2F_TARGETS,Hallmark,HALLMARK_E2F_TARGETS,0.10762032085561497,0.13416422287390029,33,32,-0.10344745929047958,0.9176078470935367,0.9249999688365974
Hallmark|HALLMARK_EPITHELIAL_MESENCHYMAL_TRANSITION,Hallmark,HALLMARK_EPITHELIAL_MESENCHYMAL_TRANSITION,-0.19552139037433156,-0.1528592375366569,33,32,-0.16897963812633182,0.8658126574929638,0.9102133065951671
Hallmark|HALLMARK_ESTROGEN_RESPONSE_EARLY,Hallmark,HALLMARK_ESTROGEN_RESPONSE_EARLY,0.06985294117647059,-0.12866568914956011,33,32,0.7655071847954621,0.44396958976409123,0.9102133065951671
Hallmark|HALLMARK_ESTROGEN_RESPONSE_LATE,Hallmark,HALLMARK_ESTROGEN_RESPONSE_LATE,0.06016042780748663,-0.10997067448680352,33,32,0.6553011364926163,0.5122738892342982,0.9102133065951671
Hallmark|HALLMARK_FATTY_ACID_METABOLISM,Hallmark,HALLMARK_FATTY_ACID_METABOLISM,0.35461229946524064,0.038856304985337244,33,32,1.2742487998414018,0.2025752555074659,0.9102133065951671
Hallmark|HALLMARK_G2M_CHECKPOINT,Hallmark,HALLMARK_G2M_CHECKPOINT,-0.18415775401069517,0.08247800586510264,33,32,-1.032769137638888,0.30171194984576866,0.9102133065951671
Hallmark|HALLMARK_GLYCOLYSIS,Hallmark,HALLMARK_GLYCOLYSIS,-0.15073529411764705,0.04728739002932551,33,32,-0.7649914480607887,0.44427663706666953,0.9102133065951671
Hallmark|HALLMARK_HEME_METABOLISM,Hallmark,HALLMARK_HEME_METABOLISM,-0.12566844919786097,-0.06928152492668621,33,32,-0.21866477370406912,0.8269111914194195,0.9102133065951671
Hallmark|HALLMARK_HYPOXIA,Hallmark,HALLMARK_HYPOXIA,-0.04077540106951872,0.047653958944281524,33,32,-0.3397961881498873,0.7340100187161498,0.9102133065951671
Hallmark|HALLMARK_IL2_STAT5_SIGNALING,Hallmark,HALLMARK_IL2_STAT5_SIGNALING,-0.04946524064171123,-0.249633431085044,33,32,0.7891865592598483,0.43000297648832025,0.9102133065951671
Hallmark|HALLMARK_INFLAMMATORY_RESPONSE,Hallmark,HALLMARK_INFLAMMATORY_RESPONSE,-0.10995989304812834,-0.007697947214076246,33,32,-0.3944017350783656,0.693284462988004,0.9102133065951671
Hallmark|HALLMARK_INTERFERON_ALPHA_RESPONSE,Hallmark,HALLMARK_INTERFERON_ALPHA_RESPONSE,0.08957219251336898,0.028592375366568914,33,32,0.23505819046203955,0.8141635687483646,0.9102133065951671
Hallmark|HALLMARK_INTERFERON_GAMMA_RESPONSE,Hallmark,HALLMARK_INTERFERON_GAMMA_RESPONSE,0.002339572192513369,-0.21041055718475074,33,32,0.8292159407943301,0.4069822263065503,0.9102133065951671
Hallmark|HALLMARK_KRAS_SIGNALING_DN,Hallmark,HALLMARK_KRAS_SIGNALING_DN,-0.09525401069518717,-0.15689149560117302,33,32,0.2405944556722482,0.8098694477129486,0.9102133065951671
Hallmark|HALLMARK_KRAS_SIGNALING_UP,Hallmark,HALLMARK_KRAS_SIGNALING_UP,-0.10962566844919786,0.15432551319648094,33,32,-1.0200497747772004,0.30770485496456274,0.9102133065951671
Hallmark|HALLMARK_MITOTIC_SPINDLE,Hallmark,HALLMARK_MITOTIC_SPINDLE,0.002339572192513369,-0.26099706744868034,33,32,1.0349534363727801,0.30069065741714185,0.9102133065951671
Hallmark|HALLMARK_MTORC1_SIGNALING,Hallmark,HALLMARK_MTORC1_SIGNALING,0.21724598930481284,-0.03848973607038123,33,32,0.9956123463483724,0.31943853361450936,0.9102133065951671
Hallmark|HALLMARK_MYC_TARGETS_V1,Hallmark,HALLMARK_MYC_TARGETS_V1,-0.17379679144385027,0.186950146627566,33,32,-1.4006632846277631,0.1613147868218406,0.9102133065951671
Hallmark|HALLMARK_MYOGENESIS,Hallmark,HALLMARK_MYOGENESIS,-0.38536096256684493,-0.0344574780058651,33,32,-1.427985976847694,0.15329589485327075,0.9102133065951671
Hallmark|HALLMARK_OXIDATIVE_PHOSPHORYLATION,Hallmark,HALLMARK_OXIDATIVE_PHOSPHORYLATION,0.2540106951871658,0.02126099706744868,33,32,0.915581212161044,0.3598865891696648,0.9102133065951671
Hallmark|HALLMARK_P53_PATHWAY,Hallmark,HALLMARK_P53_PATHWAY,-0.027072192513368985,-0.20784457478005863,33,32,0.7059446412038619,0.48022256461038987,0.9102133065951671
Hallmark|HALLMARK_PEROXISOME,Hallmark,HALLMARK_PEROXISOME,0.37533422459893045,0.13819648093841644,33,32,0.9812451446511973,0.3264718666242729,0.9102133065951671
Hallmark|HALLMARK_PI3K_AKT_MTOR_SIGNALING,Hallmark,HALLMARK_PI3K_AKT_MTOR_SIGNALING,0.10494652406417113,0.054252199413489736,33,32,0.1959518866296284,0.8446478247520126,0.9102133065951671
Hallmark|HALLMARK_PROTEIN_SECRETION,Hallmark,HALLMARK_PROTEIN_SECRETION,0.0625,0.08687683284457479,33,32,-0.09413745355451451,0.9249999688365974,0.9249999688365974
Hallmark|HALLMARK_REACTIVE_OXYGEN_SPECIES_PATHWAY,Hallmark,HALLMARK_REACTIVE_OXYGEN_SPECIES_PATHWAY,0.04077540106951872,-0.003665689149560117,33,32,0.17074165519848142,0.8644269076186419,0.9102133065951671
Hallmark|HALLMARK_SPERMATOGENESIS,Hallmark,HALLMARK_SPERMATOGENESIS,-0.011697860962566845,-0.08760997067448681,33,32,0.2923667882702497,0.7700061985423705,0.9102133065951671
Hallmark|HALLMARK_TNFA_SIGNALING_VIA_NFKB,Hallmark,HALLMARK_TNFA_SIGNALING_VIA_NFKB,-0.125,0.03665689149560117,33,32,-0.6233527045271298,0.5330527705122272,0.9102133065951671
Hallmark|HALLMARK_UNFOLDED_PROTEIN_RESPONSE,Hallmark,HALLMARK_UNFOLDED_PROTEIN_RESPONSE,-0.07520053475935828,-0.12756598240469208,33,32,0.20322163292108986,0.8389618049909502,0.9102133065951671
Hallmark|HALLMARK_UV_RESPONSE_DN,Hallmark,HALLMARK_UV_RESPONSE_DN,-0.07787433155080214,-0.21004398826979473,33,32,0.5191134067431648,0.6036816597030676,0.9102133065951671
Hallmark|HALLMARK_UV_RESPONSE_UP,Hallmark,HALLMARK_UV_RESPONSE_UP,0.05414438502673797,-0.017961876832844573,33,32,0.2771005265586599,0.781702917514185,0.9102133065951671
Hallmark|HALLMARK_XENOBIOTIC_METABOLISM,Hallmark,HALLMARK_XENOBIOTIC_METABOLISM,0.08890374331550802,-0.0905425219941349,33,32,0.6909359935625781,0.4896057654531978,0.9102133065951671
