protein,gene,module,kME_own_module
A0A0B4J2F0,PIGBOS1,0,NA
A0A0U1RRL7,MMP24OS,0,NA
A0AVT1,UBA6,0,NA
A0FGR8,ESYT2,6,0.5324558702116281
A1A4S6,ARHGAP10,0,NA
A1IGU5,ARHGEF37,0,NA
A1L0T0,ILVBL,1,0.3017523857565799
A1L4K1,FSD2,2,0.6257103561257715
A2RRP1,NBAS,0,NA
A2RTX5,TARS3,3,0.5247130389088505
A3KMH1,VWA8,3,0.36242074709565375
A4UGR9,XIRP2,2,0.444088223076816
A5D6W6,FITM1,2,0.3041524096867967
A5D8V6,VPS37C,9,0.36760053260236053
A5YM72,CARNS1,3,0.6319381789449083
A6NDG6,PGP,3,0.3217915058646339
A6NGB9,WIPF3,6,0.6310120373517856
A6NHZ5,LRRC14B,0,NA
A6NNS2,DHRS7C,4,0.5106243421034556
A8MU46,SMTNL1,0,NA
A8MXV4,NUDT19,3,0.354880632691922
A8MZF0,PRR33,2,0.7313260387190662
B0YJ81,HACD1,4,0.4978560415422311
B4DJY2,TMEM233,4,0.46207395501432347
C9JRZ8,AKR1B15,0,NA
D6RIA3,C4orf54,2,0.7842378277820585
E7EW31,PROB1,2,0.5124392436600134
E9PAV3,NACA,8,0.6937556766840698
E9PB15,PTGES3L,0,NA
L0R6Q1,SLC35A4,3,0.319975273015763
O00116,AGPS,0,NA
O00151,PDLIM1,2,0.5726507727511372
O00159,MYO1C,1,0.7470857346034228
O00161,SNAP23,1,0.307949178567632
O00165,HAX1,3,0.44125940714182077
O00168,FXYD1,0,NA
O00170,AIP,0,NA
O00178,GTPBP1,9,0.4544658763449617
O00186,STXBP3,0,NA
O00193,SMAP,0,NA
O00217,NDUFS8,10,0.6516466896515202
O00231,PSMD11,0,NA
O00232,PSMD12,6,0.3290389160238119
O00233,PSMD9,5,0.610057818421521
O00244,ATOX1,0,NA
O00264,PGRMC1,1,0.6470511904287951
O00273,DFFA,0,NA
O00299,CLIC1,1,0.7563219496918571
O00303,EIF3F,8,0.6121972969086743
O00330,PDHX,3,0.45074676014292425
O00399,DCTN6,0,NA
O00401,WASL,0,NA
O00410,IPO5,2,0.39835355352054064
O00418,EEF2K,4,0.4573900465457005
O00423,EML1,4,0.46157602055277996
O00429,DNM1L,0,NA
O00442,RTCA,4,0.3032412951674707
O00479,HMGN4,0,NA
O00483,NDUFA4,0,NA
O00487,PSMD14,0,NA
O00499,BIN1,0,NA
O00505,KPNA3,0,NA
O00560,SDCBP,5,0.4332747548435988
O00571,DDX3X,2,0.39451888248994416
O00629,KPNA4,2,0.3577595897982173
O00743,PPP6C,6,0.3719314154555905
O00748,CES2,0,NA
O00757,FBP2,9,0.5856129395558183
O00763,ACACB,0,NA
O00764,PDXK,5,0.5315756411145964
O14521,SDHD,6,0.6460939648821155
O14548,COX7A2L,0,NA
O14558,HSPB6,0,NA
O14561,NDUFAB1,9,0.5438626166841037
O14562,UBFD1,9,0.35369665982028814
O14579,COPE,0,NA
O14602,EIF1AY,0,NA
O14618,CCS,5,0.6652577954398432
O14653,GOSR2,0,NA
O14657,TOR1B,0,NA
O14732,IMPA2,4,0.5662184110779624
O14735,CDIPT,0,NA
O14737,PDCD5,0,NA
O14744,PRMT5,0,NA
O14773,TPP1,1,0.44121815190113106
O14786,NRP1,9,0.34560260674655324
O14787,TNPO2,0,NA
O14818,PSMA7,5,0.42542532282166484
O14828,SCAMP3,7,0.4635612798036905
O14832,PHYH,0,NA
O14841,OPLAH,0,NA
O14874,BCKDK,0,NA
O14880,MGST3,2,0.31177538313002856
O14907,TAX1BP3,0,NA
O14908,GIPC1,0,NA
O14949,UQCRQ,10,0.6378672669614468
O14957,UQCR11,0,NA
O14958,CASQ2,8,0.535919089767896
O14964,HGS,6,0.5685675187211311
O14979,HNRNPDL,2,0.5512473750655297
O14980,XPO1,5,0.4540408183892336
O14983,ATP2A1,0,NA
O15027,SEC16A,0,NA
O15061,SYNM,2,0.8659015397570521
O15067,PFAS,5,0.5679807300379506
O15120,AGPAT2,1,0.48236593281817713
O15126,SCAMP1,0,NA
O15143,ARPC1B,1,0.7659191503443227
O15144,ARPC2,1,0.33739152746195744
O15145,ARPC3,1,0.3683463141940532
O15173,PGRMC2,0,NA
O15211,RGL2,0,NA
O15212,PFDN6,7,0.42209940270893603
O15228,GNPAT,2,0.3082558778263954
O15239,NDUFA1,0,NA
O15247,CLIC2,1,0.5187884145495479
O15260,SURF4,0,NA
O15273,TCAP,2,0.8083080996390813
O15294,OGT,0,NA
O15305,PMM2,0,NA
O15327,INPP4B,0,NA
O15347,HMGB3,0,NA
O15355,PPM1G,0,NA
O15357,INPPL1,0,NA
O15371,EIF3D,8,0.5652924337116622
O15372,EIF3H,2,0.3684692095082215
O15382,BCAT2,0,NA
O15400,STX7,1,0.5536796085680482
O15427,SLC16A3,3,0.40369525634581943
O15498,YKT6,0,NA
O15511,ARPC5,1,0.6599078188629747
O15533,TAPBP,0,NA
O43143,DHX15,0,NA
O43169,CYB5B,4,0.5223141648519912
O43175,PHGDH,1,0.800097001513378
O43181,NDUFS4,10,0.5724607793090756
O43237,DYNC1LI2,0,NA
O43242,PSMD3,4,0.4809545201695917
O43264,ZW10,0,NA
O43301,HSPA12A,1,0.5867443269436061
O43324,EEF1E1,0,NA
O43374,RASA4,0,NA
O43390,HNRNPR,2,0.4985501211280098
O43396,TXNL1,1,0.37284220872749047
O43399,TPD52L2,1,0.5078391833782738
O43402,EMC8,2,0.3777598959364361
O43414,ERI3,7,0.38628033102623677
O43447,PPIH,0,NA
O43464,HTRA2,3,0.3363949998617089
O43488,AKR7A2,1,0.3970125261069775
O43491,EPB41L2,1,0.7646818711503239
O43493,TGOLN2,1,0.43043064991321484
O43504,LAMTOR5,0,NA
O43583,DENR,0,NA
O43598,DNPH1,0,NA
O43615,TIMM44,3,0.7169571772306447
O43617,TRAPPC3,7,0.6240017171941927
O43633,CHMP2A,0,NA
O43639,NCK2,0,NA
O43670,ZNF207,0,NA
O43674,NDUFB5,3,0.32081441459565374
O43676,NDUFB3,0,NA
O43677,NDUFC1,0,NA
O43678,NDUFA2,3,0.3390598003264167
O43681,ASNA1,0,NA
O43684,BUB3,0,NA
O43707,ACTN4,2,0.4586951270565601
O43708,GSTZ1,4,0.4225631880813418
O43715,TRIAP1,3,0.35015394872372785
O43716,GATC,0,NA
O43719,HTATSF1,6,0.5013236978878723
O43741,PRKAB2,3,0.4233444847046663
O43747,AP1G1,6,0.4227581945507412
O43759,SYNGR1,3,0.31108894543880355
O43760,SYNGR2,0,NA
O43765,SGTA,0,NA
O43768,ENSA,4,0.3468271044000117
O43772,SLC25A20,3,0.5395584821697609
O43776,NARS1,0,NA
O43813,LANCL1,0,NA
O43819,SCO2,3,0.3522726950803482
O43826,SLC37A4,4,0.6046680731775851
O43837,IDH3B,3,0.8513523984662847
O43847,NRDC,0,NA
O43852,CALU,7,0.49934243705511505
O43865,AHCYL1,0,NA
O43866,CD5L,5,0.7225667372952742
O43920,NDUFS5,10,0.7006704983668075
O60220,TIMM8A,3,0.4262058401671454
O60237,PPP1R12B,2,0.7244676004705201
O60240,PLIN1,1,0.5719314699449326
O60256,PRPSAP2,9,0.43198812364722067
O60260,PRKN,4,0.4834461159587594
O60262,GNG7,0,NA
O60271,SPAG9,2,0.34259510944459876
O60313,OPA1,3,0.7132135254867583
O60333,KIF1B,4,0.3288293688066441
O60343,TBC1D4,6,0.3635660332686022
O60488,ACSL4,1,0.3981580199501874
O60493,SNX3,1,0.4114592137921098
O60506,SYNCRIP,2,0.5215665588563889
O60551,NMT2,0,NA
O60610,DIAPH1,0,NA
O60613,SELENOF,0,NA
O60662,KLHL41,2,0.6849890667923904
O60664,PLIN3,0,NA
O60684,KPNA6,6,0.318043141403349
O60701,UGDH,1,0.6728797297653836
O60706,ABCC9,6,0.43759110347004476
O60716,CTNND1,0,NA
O60749,SNX2,1,0.4828767000902662
O60763,USO1,6,0.5067427884807578
O60783,MRPS14,0,NA
O60784,TOM1,0,NA
O60826,CCDC22,0,NA
O60841,EIF5B,8,0.6761364279901183
O60869,EDF1,2,0.4592611379688205
O60884,DNAJA2,0,NA
O60888,CUTA,9,0.5141509694711
O60925,PFDN1,0,NA
O60936,NOL3,0,NA
O75027,ABCB7,0,NA
O75083,WDR1,6,0.4335756970175008
O75112,LDB3,2,0.8537771285677984
O75116,ROCK2,2,0.41092962583909176
O75122,CLASP2,4,0.5921807476536105
O75128,COBL,0,NA
O75131,CPNE3,1,0.35980470408778625
O75153,CLUH,3,0.6462488542342021
O75155,CAND2,4,0.6754262724347877
O75170,PPP6R2,4,0.35081649353951055
O75190,DNAJB6,2,0.505249643299459
O75208,COQ9,9,0.459921785801388
O75223,GGCT,4,0.4892314996206551
O75251,NDUFS7,10,0.7105917816773202
O75298,RTN2,0,NA
O75306,NDUFS2,10,0.7863187065909376
O75323,NIPSNAP2,4,0.4590825781898783
O75340,PDCD6,0,NA
O75347,TBCA,5,0.5139502539190827
O75348,ATP6V1G1,5,0.30394491761109765
O75351,VPS4B,0,NA
O75352,MPDU1,2,0.31736517238785644
O75365,PTP4A3,0,NA
O75367,MACROH2A1,2,0.6876579429911494
O75368,SH3BGRL,1,0.7575583374819911
O75369,FLNB,1,0.5866814987030746
O75380,NDUFS6,10,0.7342813843527037
O75390,CS,3,0.6486470027183003
O75391,SPAG7,3,0.28993644911001576
O75394,MRPL33,3,0.5072442915294495
O75396,SEC22B,1,0.3456777065544297
O75431,MTX2,2,0.4092415374410492
O75436,VPS26A,0,NA
O75438,NDUFB1,0,NA
O75439,PMPCB,3,0.5304082358452725
O75477,ERLIN1,0,NA
O75487,GPC4,0,NA
O75489,NDUFS3,2,0.35939027913318333
O75521,ECI2,3,0.5737676031650883
O75531,BANF1,2,0.5639103747533035
O75533,SF3B1,6,0.5081060717326925
O75534,CSDE1,4,0.6564411277099113
O75569,PRKRA,2,0.6066165088286595
O75608,LYPLA1,0,NA
O75663,TIPRL,9,0.4808537779907041
O75688,PPM1B,6,0.49114153311197867
O75694,NUP155,0,NA
O75746,SLC25A12,10,0.7347554278038659
O75764,TCEA3,0,NA
O75821,EIF3G,2,0.45061718043539745
O75822,EIF3J,8,0.5817548874685396
O75828,CBR3,1,0.5401234102644437
O75832,PSMD10,5,0.40828832716147045
O75844,ZMPSTE24,1,0.3527554118263671
O75874,IDH1,5,0.5440493102029494
O75880,SCO1,0,NA
O75882,ATRN,1,0.5925999215013608
O75884,RBBP9,6,0.5785647770907699
O75891,ALDH1L1,9,0.36686811732479424
O75915,ARL6IP5,0,NA
O75923,DYSF,4,0.47039422889936217
O75935,DCTN3,0,NA
O75947,ATP5PD,3,0.41003063634738257
O75955,FLOT1,5,0.48936634901588605
O75964,ATP5MG,3,0.5536986207077036
O76003,GLRX3,5,0.4818622703636791
O76031,CLPX,0,NA
O76070,SNCG,1,0.5674936693793725
O76071,CIAO1,0,NA
O76094,SRP72,7,0.35183923757208935
O94760,DDAH1,9,0.41095255240731837
O94788,ALDH1A2,7,0.34755062176095297
O94811,TPPP,0,NA
O94826,TOMM70,6,0.36845128964931745
O94829,IPO13,0,NA
O94874,UFL1,8,0.30955821419958673
O94901,SUN1,2,0.7240064610356153
O94903,PLPBP,6,0.38984974320270716
O94905,ERLIN2,2,0.5612815115206273
O94911,ABCA8,1,0.4404420181169288
O94919,ENDOD1,6,0.4258798791430391
O94925,GLS,0,NA
O94966,USP19,4,0.4671967329048311
O94973,AP2A2,1,0.33417750914813704
O94979,SEC31A,6,0.34399102403030934
O95070,YIF1A,0,NA
O95139,NDUFB6,10,0.5335361295814839
O95140,MFN2,3,0.4828011369523746
O95155,UBE4B,7,0.3193130673827997
O95167,NDUFA3,2,0.35936089444972913
O95168,NDUFB4,10,0.7427568443138225
O95169,NDUFB8,10,0.5575093386925314
O95182,NDUFA7,2,0.4113745744495413
O95183,VAMP5,0,NA
O95197,RTN3,1,0.5462475910691391
O95202,LETM1,10,0.31193103013979917
O95208,EPN2,0,NA
O95210,STBD1,3,0.3645661566650656
O95260,ATE1,0,NA
O95273,CCNDBP1,0,NA
O95278,EPM2A,3,0.5529669278763111
O95292,VAPB,2,0.47147442848141285
O95295,SNAPIN,0,NA
O95298,NDUFC2,3,0.33549938583722533
O95299,NDUFA10,10,0.8145366741235057
O95336,PGLS,1,0.5083957948762735
O95352,ATG7,5,0.32874739657765406
O95359,TACC2,4,0.6275861763656102
O95372,LYPLA2,7,0.40564179244044546
O95373,IPO7,9,0.42062806396944025
O95376,ARIH2,0,NA
O95394,PGM3,7,0.48928266898549355
O95396,MOCS3,0,NA
O95425,SVIL,2,0.8493036705911114
O95433,AHSA1,9,0.3860547019139724
O95479,H6PD,1,0.3028386562871472
O95487,SEC24B,6,0.662715099348154
O95563,MPC2,0,NA
O95571,ETHE1,0,NA
O95573,ACSL3,4,0.6101994172287803
O95628,CNOT4,4,0.4675573856248758
O95630,STAMBP,0,NA
O95671,ASMTL,0,NA
O95674,CDS2,0,NA
O95677,EYA4,6,0.543457807689383
O95721,SNAP29,0,NA
O95747,OXSR1,9,0.5925353773653229
O95749,GGPS1,4,0.39082362492432715
O95757,HSPA4L,0,NA
O95777,LSM8,0,NA
O95782,AP2A1,0,NA
O95793,STAU1,0,NA
O95810,CAVIN2,1,0.4194346875095502
O95816,BAG2,2,0.4119200094102475
O95817,BAG3,2,0.7878376633017277
O95822,MLYCD,3,0.5745125650014146
O95825,CRYZL1,4,0.30520799827592393
O95831,AIFM1,3,0.4873858684759028
O95834,EML2,4,0.4019843458200445
O95848,NUDT14,0,NA
O95861,BPNT1,5,0.31939692941714454
O95865,DDAH2,1,0.8217029551730904
O95870,ABHD16A,4,0.3395834715001763
O95881,TXNDC12,7,0.5394762056440393
O95989,NUDT3,3,0.3216587574959419
O96000,NDUFB10,10,0.7359961432901304
O96005,CLPTM1,0,NA
O96007,MOCS2,9,0.47935788147719277
O96008,TOMM40,10,0.45800342766660884
O96011,PEX11B,4,0.4623151880864134
O96033,MOCS2,7,0.4022556874008967
P00156,MT-CYB,0,NA
P00167,CYB5A,7,0.530409461640012
P00325,ADH1B,1,0.3829172953745028
P00326,ADH1C,1,0.5202269581235565
P00338,LDHA,0,NA
P00352,ALDH1A1,1,0.5983766482158392
P00367,GLUD1,9,0.5543355204955316
P00387,CYB5R3,1,0.6990073554271954
P00390,GSR,5,0.5579638188255855
P00395,MT-CO1,6,0.8163745177168805
P00403,MT-CO2,0,NA
P00414,MT-CO3,2,0.31129983176594733
P00441,SOD1,7,0.8146085133467684
P00491,PNP,5,0.8213015897790188
P00492,HPRT1,5,0.7272898786385135
P00505,GOT2,3,0.6883407179832143
P00558,PGK1,9,0.6599380258580253
P00568,AK1,9,0.6573347384523232
P00813,ADA,1,0.3687346800381139
P00846,MT-ATP6,3,0.36576958866212855
P00918,CA2,7,0.7452626373262392
P00966,ASS1,1,0.4435477956260477
P01023,A2M,5,0.8942875588111276
P01034,CST3,1,0.4454016313924304
P01112,HRAS,7,0.47299151268747375
P01889,HLA-B,1,0.4267546461434755
P01903,HLA-DRA,1,0.4122103310566056
P01911,HLA-DRB1,0,NA
P02144,MB,7,0.5828378197279429
P02452,COL1A1,2,0.5080871137966859
P02461,COL3A1,2,0.44060771821076994
P02462,COL4A1,2,0.7833467381001185
P02511,CRYAB,0,NA
P02545,LMNA,2,0.8155981577875278
P02585,TNNC2,2,0.8622059258009743
P02751,FN1,5,0.5755512556658262
P02786,TFRC,0,NA
P02792,FTL,1,0.48553747215088305
P02794,FTH1,0,NA
P03886,MT-ND1,0,NA
P03891,MT-ND2,9,0.6451764474118694
P03897,MT-ND3,0,NA
P03905,MT-ND4,2,0.472245155305297
P03915,MT-ND5,2,0.5260128142784533
P03928,MT-ATP8,0,NA
P03950,ANG,1,0.615992403889136
P04040,CAT,5,0.7345164168670761
P04049,RAF1,3,0.32293763549552473
P04075,ALDOA,0,NA
P04080,CSTB,0,NA
P04083,ANXA1,1,0.9364216543893085
P04156,PRNP,7,0.332400190218892
P04179,SOD2,0,NA
P04181,OAT,0,NA
P04216,THY1,1,0.7046951651849666
P04233,CD74,5,0.3641507539732467
P04350,TUBB4A,2,0.2990675278583065
P04406,GAPDH,9,0.5748395599551859
P04439,HLA-A,1,0.3387537865716553
P04632,CAPNS1,5,0.7019320735766911
P04792,HSPB1,0,NA
P04839,CYBB,1,0.6586864960566536
P04843,RPN1,8,0.6035866820705226
P04844,RPN2,2,0.4147217495645427
P04899,GNAI2,1,0.8090803294871989
P05023,ATP1A1,0,NA
P05026,ATP1B1,0,NA
P05091,ALDH2,1,0.6010772976799579
P05106,ITGB3,5,0.7301094672408817
P05114,HMGN1,1,0.48883539150769345
P05141,SLC25A5,0,NA
P05165,PCCA,3,0.5824849552647725
P05166,PCCB,3,0.45080976140632356
P05198,EIF2S1,4,0.4634626494422571
P05386,RPLP1,2,0.4329097383218233
P05387,RPLP2,2,0.47068075444731017
P05388,RPLP0,2,0.5261720603130683
P05413,FABP3,7,0.5847127654273514
P05455,SSB,1,0.3563559460327338
P05556,ITGB1,1,0.734161778971214
P05976,MYL1,2,0.8232237498342745
P06132,UROD,5,0.7702882397814511
P06213,INSR,0,NA
P06396,GSN,1,0.539539920860322
P06454,PTMA,1,0.5774788922411869
P06576,ATP5F1B,8,0.3906662739065529
P06703,S100A6,1,0.7154356742955764
P06730,EIF4E,0,NA
P06732,CKM,7,0.6957343556368247
P06733,ENO1,1,0.42192371401353496
P06737,PYGL,0,NA
P06744,GPI,0,NA
P06748,NPM1,2,0.38423782718162974
P06753,TPM3,2,0.8618946370122939
P06865,HEXA,0,NA
P07099,EPHX1,1,0.33956640597548254
P07108,DBI,0,NA
P07195,LDHB,5,0.5008716049774029
P07203,GPX1,5,0.5375084331863501
P07205,PGK2,0,NA
P07237,P4HB,1,0.5722139170488304
P07305,H1-0,2,0.756548452419257
P07311,ACYP1,0,NA
P07339,CTSD,7,0.8494677244166973
P07355,ANXA2,1,0.9384337518500163
P07384,CAPN1,5,0.42748329835687227
P07437,TUBB,1,0.3001672975505498
P07451,CA3,0,NA
P07585,DCN,1,0.8272015545538746
P07602,PSAP,1,0.5850406261592208
P07686,HEXB,1,0.497705509493882
P07711,CTSL,7,0.4036473470553477
P07737,PFN1,1,0.5450593537852122
P07738,BPGM,5,0.8462511134423313
P07741,APRT,0,NA
P07814,EPRS1,4,0.5451681886304289
P07858,CTSB,1,0.5692846236417527
P07900,HSP90AA1,0,NA
P07902,GALT,5,0.344363393015569
P07910,HNRNPC,2,0.6681291264607171
P07919,UQCRH,0,NA
P07942,LAMB1,2,0.7164297170858336
P07951,TPM2,2,0.8122082399648329
P07954,FH,3,0.4610416856097804
P07996,THBS1,5,0.7255355401848373
P08123,COL1A2,2,0.5408056081457752
P08133,ANXA6,1,0.3580416792083589
P08134,RHOC,1,0.5587830494753375
P08237,PFKM,4,0.6606194747456359
P08238,HSP90AB1,0,NA
P08240,SRPRA,2,0.32660088876251975
P08294,SOD3,1,0.6346118653573491
P08397,HMBS,5,0.7646083091737288
P08473,MME,0,NA
P08559,PDHA1,3,0.6983246606259652
P08572,COL4A2,2,0.7348116133068137
P08574,CYC1,3,0.5194363467992171
P08579,SNRPB2,0,NA
P08590,MYL3,2,0.8619025703512854
P08621,SNRNP70,0,NA
P08651,NFIC,2,0.36033090283428465
P08670,VIM,1,0.7947997724642873
P08708,RPS17,8,0.7307379367840942
P08754,GNAI3,1,0.38086847627061793
P08758,ANXA5,7,0.8059493870924137
P08865,RPSA,8,0.735742713715904
P08962,CD63,1,0.44530915278895006
P09012,SNRPA,0,NA
P09104,ENO2,5,0.5970321987944618
P09110,ACAA1,0,NA
P09211,GSTP1,7,0.8607876560340351
P09382,LGALS1,2,0.5201833908787561
P09417,QDPR,0,NA
P09429,HMGB1,6,0.4004943811952508
P09455,RBP1,0,NA
P09486,SPARC,1,0.48539853863265225
P09488,GSTM1,0,NA
P09493,TPM1,2,0.8106032956081044
P09496,CLTA,1,0.6324495931890542
P09497,CLTB,1,0.35620876297823656
P09525,ANXA4,1,0.7220360826118839
P09543,CNP,1,0.351722546882906
P09601,HMOX1,0,NA
P09622,DLD,4,0.6875585140343698
P09651,HNRNPA1,2,0.5241374244764854
P09669,COX6C,6,0.5442349192479248
P09874,PARP1,8,0.8076478011797683
P09936,UCHL1,1,0.34558224842500707
P09960,LTA4H,6,0.29759428271536376
P09972,ALDOC,1,0.42011357867932897
P0C7P0,CISD3,0,NA
P0C870,JMJD7,0,NA
P0DJ93,SMIM13,0,NA
P10109,FDX1,3,0.38732082704936965
P10155,RO60,0,NA
P10176,COX8A,0,NA
P10253,GAA,3,0.4605666592869109
P10301,RRAS,1,0.66050072327244
P10321,HLA-C,0,NA
P10398,ARAF,4,0.4572952449080503
P10412,H1-4,2,0.6183181900092471
P10415,BCL2,9,0.44750553013749017
P10515,DLAT,3,0.6135365489060778
P10599,TXN,7,0.7123023869010268
P10606,COX5B,10,0.6065840286485494
P10619,CTSA,1,0.49477416218194153
P10620,MGST1,1,0.7120712666274802
P10636,MAPT,7,0.40438625383433785
P10644,PRKAR1A,4,0.45067091742168336
P10746,UROS,5,0.4715279794403532
P10768,ESD,5,0.36464750313209265
P10809,HSPD1,3,0.3769073251013983
P10916,MYL2,2,0.7700475139663312
P11021,HSPA5,1,0.7019192514083662
P11047,LAMC1,2,0.8014401141552813
P11055,MYH3,0,NA
P11142,HSPA8,2,0.3606534007108918
P11166,SLC2A1,5,0.7855349774472415
P11171,EPB41,5,0.8170652071862948
P11177,PDHB,2,0.2934818089147143
P11182,DBT,0,NA
P11216,PYGB,9,0.5105598520335368
P11217,PYGM,4,0.484900450644956
P11233,RALA,2,0.3559003369024804
P11234,RALB,1,0.36445997021732046
P11277,SPTB,5,0.7896494800797945
P11279,LAMP1,1,0.6491773510267165
P11310,ACADM,3,0.36616919442426754
P11413,G6PD,1,0.519881075334238
P11441,UBL4A,7,0.39283925133706965
P11498,PC,1,0.42805589649461734
P11532,DMD,2,0.7714601104435419
P11586,MTHFD1,1,0.4905660443338532
P11717,IGF2R,0,NA
P11766,ADH5,0,NA
P11940,PABPC1,1,0.6380004638380072
P12004,PCNA,0,NA
P12081,HARS1;HARS,0,NA
P12109,COL6A1,2,0.6948311939455549
P12110,COL6A2,2,0.6580842274938136
P12111,COL6A3,2,0.6979323837958207
P12235,SLC25A4,10,0.6272396200635861
P12236,SLC25A6,0,NA
P12268,IMPDH2,6,0.43698398727708904
P12270,TPR,0,NA
P12277,CKB,0,NA
P12429,ANXA3,7,0.5767361267548998
P12532,CKMT1A,0,NA
P12694,BCKDHA,0,NA
P12814,ACTN1,2,0.40357140178865314
P12821,ACE,0,NA
P12829,MYL4,2,0.732428226074104
P12882,MYH1,2,0.7852682247266307
P12883,MYH7,2,0.8792175503539301
P12955,PEPD,0,NA
P12956,XRCC6,1,0.6022547802554399
P13010,XRCC5,1,0.3341570319335238
P13073,COX4I1,10,0.6327814013857355
P13473,LAMP2,0,NA
P13489,RNH1,1,0.4723188280874584
P13533,MYH6,2,0.35548974407010075
P13535,MYH8,2,0.5743772100276465
P13611,VCAN,1,0.5932146030263362
P13639,EEF2,0,NA
P13667,PDIA4,1,0.5653371297615448
P13674,P4HA1,0,NA
P13693,TPT1,0,NA
P13716,ALAD,5,0.8259203352859856
P13797,PLS3,1,0.8003265966800973
P13798,APEH,5,0.5895469860331685
P13804,ETFA,3,0.38388848268264547
P13805,TNNT1,2,0.8691418762749666
P13807,GYS1,3,0.6180207043843352
P13861,PRKAR2A,5,0.34286263260927174
P13929,ENO3,9,0.7333812389119295
P13987,CD59,1,0.30802807904043117
P14174,MIF,1,0.3400855479945182
P14209,CD99,1,0.6538050586256896
P14314,PRKCSH,1,0.502935066455349
P14324,FDPS,0,NA
P14406,COX7A2,0,NA
P14543,NID1,2,0.7109274572412391
P14550,AKR1A1,1,0.5838159188220065
P14618,PKM,9,0.6904775705671079
P14621,ACYP2,6,0.34812507359523764
P14625,HSP90B1,1,0.7037949903691334
P14649,MYL6B,2,0.8249907299909294
P14672,SLC2A4,0,NA
P14735,IDE,6,0.33090358566938693
P14854,COX6B1,10,0.5989810585861383
P14866,HNRNPL,2,0.562821856040385
P14868,DARS1,3,0.43272108862656294
P14927,UQCRB,8,0.5028481885071076
P15088,CPA3,1,0.540989376726527
P15090,FABP4,1,0.7921586855872206
P15104,GLUL,0,NA
P15121,AKR1B1,6,0.5388291470962735
P15170,GSPT1,7,0.3055567886610707
P15259,PGAM2,9,0.5948979951338382
P15311,EZR,0,NA
P15374,UCHL3,0,NA
P15531,NME1,5,0.5951572265638615
P15880,RPS2,8,0.7901203604991319
P15927,RPA2,7,0.530882222687864
P15954,COX7C,0,NA
P16070,CD44,1,0.7334513588434562
P16083,NQO2,7,0.7920047311182344
P16118,PFKFB1,3,0.6398340185187074
P16152,CBR1,1,0.31830910780713284
P16157,ANK1,5,0.8314212333282641
P16219,ACADS,6,0.473266156736465
P16284,PECAM1,1,0.529656110474014
P16298,PPP3CB,4,0.5226739056593973
P16333,NCK1,0,NA
P16401,H1-5,2,0.31958859847381227
P16435,POR,1,0.4151171819640294
P16615,ATP2A2,4,0.37690900618445644
P16671,CD36,1,0.4858361898644643
P16930,FAH,1,0.4935553663679854
P16949,STMN1,0,NA
P16989,YBX3,6,0.5901282255899349
P17152,TMEM11,10,0.6098507776934496
P17174,GOT1,6,0.4832814143197851
P17540,CKMT2,3,0.8009283676990027
P17568,NDUFB7,10,0.6617411075004276
P17612,PRKACA,4,0.3469512900797898
P17655,CAPN2,1,0.4947703562050161
P17661,DES,2,0.848486777423715
P17812,CTPS1,0,NA
P17813,ENG,1,0.30699836776914713
P17858,PFKL,5,0.3220318751392876
P17931,LGALS3,1,0.712802447901857
P17936,IGFBP3,5,0.6768095767226272
P17980,PSMC3,1,0.4342575326649206
P17987,TCP1,0,NA
P18031,PTPN1,0,NA
P18077,RPL35A,2,0.32172146497403237
P18085,ARF4,1,0.308391172524995
P18124,RPL7,2,0.6126055154553272
P18206,VCL,1,0.6507881116603834
P18621,RPL17,8,0.7581688620147319
P18669,PGAM1,1,0.37640222971229864
P18754,RCC1,2,0.39541262935748583
P18859,ATP5PF,0,NA
P19237,TNNI1,2,0.8195922750090319
P19256,CD58,0,NA
P19338,NCL,1,0.46345880535846445
P19367,HK1,3,0.638739058268245
P19404,NDUFV2,10,0.662270229014088
P19623,SRM,7,0.4793033476339763
P19823,ITIH2,5,0.7773616809980621
P19838,NFKB1,1,0.35667596779139604
P19971,TYMP,1,0.6034663945941013
P20020,ATP2B1,0,NA
P20042,EIF2S2,2,0.38792394990284584
P20073,ANXA7,5,0.42319484811389074
P20290,BTF3,2,0.30689875823914153
P20339,RAB5A,0,NA
P20340,RAB6A,0,NA
P20472,PVALB,0,NA
P20618,PSMB1,0,NA
P20674,COX5A,10,0.5264302030951805
P20774,OGN,1,0.7158599902004524
P20807,CAPN3,8,0.7568758341285046
P20810,CAST,5,0.7119879715112382
P20929,NEB,2,0.9229352179079151
P20962,PTMS,1,0.5918757199293279
P21266,GSTM3,6,0.4040862790304342
P21281,ATP6V1B2,5,0.4071863128610447
P21291,CSRP1,1,0.6399411231395133
P21333,FLNA,1,0.7545380629197752
P21397,MAOA,1,0.44254934385646594
P21399,ACO1,5,0.5551230476900688
P21589,NT5E,1,0.7556335981713995
P21695,GPD1,1,0.47512604402237696
P21796,VDAC1,10,0.6143881040910112
P21810,BGN,1,0.5983129556228134
P21817,RYR1,4,0.6411891866236024
P21912,SDHB,3,0.5116929277900215
P21926,CD9,1,0.8020729813543074
P21953,BCKDHB,0,NA
P21964,COMT,9,0.5187885608980408
P21980,TGM2,2,0.38790178693026717
P22033,MMUT,3,0.42636538088959824
P22059,OSBP,7,0.383541906419497
P22061,PCMT1,0,NA
P22102,GART,9,0.3069551834504207
P22105,TNXB,1,0.5231094573758992
P22234,PAICS,5,0.4054669706622924
P22307,SCP2,7,0.5975064572910779
P22314,UBA1,1,0.5997067072915078
P22352,GPX3,1,0.7301914085014747
P22392,NME2,9,0.6569826714270023
P22570,FDXR,0,NA
P22612,PRKACG,0,NA
P22626,HNRNPA2B1,2,0.6191866336425205
P22694,PRKACB,0,NA
P22695,UQCRC2,10,0.7379767462188106
P22748,CA4,0,NA
P22830,FECH,4,0.42655210644393776
P22897,MRC1,1,0.6634417771125312
P23109,AMPD1,4,0.6088812593522395
P23141,CES1,1,0.5331284685137377
P23142,FBLN1,1,0.7324463624588571
P23229,ITGA6,1,0.4226695000216111
P23246,SFPQ,8,0.5238677840280492
P23284,PPIB,1,0.7342383925132643
P23297,S100A1,9,0.7712168732914356
P23327,HRC,2,0.47275559662323424
P23352,ANOS1,2,0.6926367068266649
P23368,ME2,3,0.544061019100716
P23381,WARS1,7,0.5096257654636436
P23396,RPS3,8,0.7498395492928898
P23434,GCSH,0,NA
P23443,RPS6KB1,0,NA
P23526,AHCY,1,0.3125532550299809
P23528,CFL1,1,0.5934711141939768
P23588,EIF4B,0,NA
P23634,ATP2B4,1,0.5294492912288365
P23786,CPT2,3,0.6100586039506545
P23921,RRM1,0,NA
P23946,CMA1,1,0.494087590510793
P24043,LAMA2,2,0.7597960396400193
P24298,GPT,4,0.6350341613281395
P24310,COX7A1,9,0.34105327068885166
P24311,COX7B,0,NA
P24534,EEF1B2,8,0.4283543078224753
P24539,ATP5PB,3,0.6308883540150829
P24592,IGFBP6,1,0.756716237736677
P24593,IGFBP5,0,NA
P24666,ACP1,0,NA
P24752,ACAT1,3,0.35595162495296623
P24844,MYL9,1,0.495941872134742
P25325,MPST,5,0.46993808676799764
P25398,RPS12,8,0.7516598912958485
P25686,DNAJB2,5,0.39996892123742944
P25705,ATP5F1A,3,0.6730138188001493
P25786,PSMA1,0,NA
P25787,PSMA2,5,0.47668735324933825
P25788,PSMA3,0,NA
P25789,PSMA4,5,0.31685598511546564
P26038,MSN,1,0.8186395749318792
P26196,DDX6,4,0.3505016605104902
P26368,U2AF2,0,NA
P26373,RPL13,2,0.5077016435877599
P26440,IVD,0,NA
P26447,S100A4,1,0.7768352406499454
P26583,HMGB2,1,0.3202303965006067
P26599,PTBP1,1,0.6565089470484784
P26639,TARS1,0,NA
P26640,VARS1,6,0.5715937928940715
P26641,EEF1G,8,0.464001251742664
P26678,PLN,4,0.6175772151628858
P26885,FKBP2,1,0.31858946522196474
P27105,STOM,5,0.8608143400370057
P27338,MAOB,10,0.5562414211304044
P27348,YWHAQ,1,0.7169939869329411
P27361,MAPK3,1,0.4180851659548044
P27448,MARK3,4,0.345943396856184
P27635,RPL10,8,0.3708580344331195
P27694,RPA1,4,0.4065643816844257
P27695,APEX1,1,0.4683487196966157
P27797,CALR,1,0.42692983904226833
P27816,MAP4,1,0.47433504934292975
P27824,CANX,1,0.5096566451164035
P27986,PIK3R1,0,NA
P28066,PSMA5,1,0.33702291693214537
P28070,PSMB4,7,0.5928362355903687
P28072,PSMB6,0,NA
P28074,PSMB5,4,0.44118632461159385
P28161,GSTM2,0,NA
P28289,TMOD1,2,0.757790002941198
P28331,NDUFS1,10,0.7894728365792468
P28482,MAPK1,0,NA
P28799,GRN,1,0.4069147674403907
P28838,LAP3,1,0.5069088393078829
P28906,CD34,1,0.6430927948527981
P28907,CD38,4,0.4422881694980224
P29144,TPP2,5,0.3623908457944201
P29218,IMPA1,4,0.41210488461899064
P29401,TKT,1,0.8395019036041028
P29475,NOS1,2,0.3576378619534017
P29536,LMOD1,2,0.6320889847286398
P29692,EEF1D,8,0.3864260365575722
P29966,MARCKS,1,0.6272215746859531
P29972,AQP1,5,0.43323293256571954
P29992,GNA11,1,0.36867843921846066
P30038,ALDH4A1,3,0.3699591215005865
P30040,ERP29,0,NA
P30041,PRDX6,5,0.4821406514120668
P30043,BLVRB,5,0.8995436495462957
P30044,PRDX5,9,0.5485087783163852
P30046,DDT,9,0.5465742777338642
P30048,PRDX3,1,0.31378585947553816
P30049,ATP5F1D,3,0.38099671828358334
P30050,RPL12,2,0.6615448278157672
P30084,ECHS1,0,NA
P30085,CMPK1,7,0.5408829599181869
P30086,PEBP1,5,0.3872647408607637
P30101,PDIA3,1,0.8801776751630863
P30153,PPP2R1A,5,0.524669880260662
P30405,PPIF,3,0.31377166733927697
P30419,NMT1,8,0.49138837228703314
P30519,HMOX2,0,NA
P30520,ADSS2,1,0.40769093037069953
P30533,LRPAP1,0,NA
P30536,TSPO,0,NA
P30566,ADSL,9,0.6418952613103406
P30613,PKLR,5,0.6557193552474146
P30622,CLIP1,6,0.6002746001535227
P30626,SRI,5,0.6844706021523775
P30711,GSTT1,6,0.317040480696113
P30740,SERPINB1,0,NA
P30837,ALDH1B1,3,0.5352785053276221
P31040,SDHA,3,0.6105883517338929
P31146,CORO1A,5,0.4872414531396367
P31150,GDI1,0,NA
P31153,MAT2A,0,NA
P31415,CASQ1,2,0.43420007508935843
P31689,DNAJA1,0,NA
P31749,AKT1,3,0.42309136683139215
P31751,AKT2,3,0.44960132825642085
P31930,UQCRC1,10,0.6748208943077132
P31937,HIBADH,9,0.630062883905309
P31939,ATIC,1,0.3729725333966134
P31942,HNRNPH3,2,0.5716630825206127
P31943,HNRNPH1,2,0.4295825231301174
P31946,YWHAB,1,0.6277430805422701
P31948,STIP1,0,NA
P31949,S100A11,1,0.7407610534652276
P32119,PRDX2,5,0.8779259736345868
P32456,GBP2,0,NA
P32969,RPL9,2,0.5313245156305038
P33121,ACSL1,3,0.5650939123093297
P33176,KIF5B,0,NA
P33316,DUT,7,0.5072101369040009
P33897,ABCD1,2,0.3162600727336592
P34896,SHMT1,0,NA
P34897,SHMT2,0,NA
P34913,EPHX2,0,NA
P34931,HSPA1L,0,NA
P34932,HSPA4,6,0.5291233943350723
P34949,MPI,3,0.3217025889744273
P35052,GPC1,0,NA
P35080,PFN2,0,NA
P35221,CTNNA1,2,0.3640158834996642
P35222,CTNNB1,0,NA
P35232,PHB,0,NA
P35237,SERPINB6,7,0.4739154073360111
P35241,RDX,4,0.5192526535608996
P35244,RPA3,0,NA
P35268,RPL22,8,0.8391394658971152
P35270,SPR,9,0.4814036702956796
P35443,THBS4,1,0.6795844654698585
P35499,SCN4A,0,NA
P35555,FBN1,2,0.4704830982949505
P35556,FBN2,0,NA
P35573,AGL,4,0.6412537333575189
P35579,MYH9,1,0.8633583918464146
P35580,MYH10,1,0.4689310899986059
P35606,COPB2,0,NA
P35609,ACTN2,2,0.8124038486494529
P35611,ADD1,5,0.7588531800407013
P35612,ADD2,5,0.8143750795066746
P35613,BSG,1,0.3756809993996915
P35637,FUS,0,NA
P35659,DEK,1,0.3372126384181639
P35749,MYH11,1,0.40029060923298715
P35754,GLRX,9,0.43037156584596864
P35813,PPM1A,7,0.3976680719447361
P35914,HMGCL,3,0.4292413435363145
P35998,PSMC2,5,0.43743301491608194
P36269,GGT5,1,0.5306286697601742
P36404,ARL2,1,0.30936425071744494
P36405,ARL3,6,0.4549384535578584
P36507,MAP2K2,6,0.3399671673462637
P36542,ATP5F1C,3,0.510120382340825
P36543,ATP6V1E1,9,0.4992626276987402
P36551,CPOX,7,0.40928832649493224
P36578,RPL4,2,0.7664118340299079
P36776,LONP1,3,0.6242070851790952
P36871,PGM1,1,0.34103134666524637
P36873,PPP1CC,7,0.40701932535510643
P36954,POLR2I,4,0.3846140851701141
P36955,SERPINF1,1,0.7576468241205327
P36957,DLST,3,0.5507183930703357
P36959,GMPR,5,0.49947921625864244
P36969,GPX4,0,NA
P37108,SRP14,2,0.48116243897748817
P37235,HPCAL1,0,NA
P37802,TAGLN2,1,0.8837529248325466
P37837,TALDO1,5,0.7687681927550684
P37840,SNCA,5,0.8423018698199682
P38117,ETFB,3,0.6769727747917011
P38606,ATP6V1A,1,0.3791599749471118
P38646,HSPA9,3,0.5958551108439026
P38919,EIF4A3,2,0.3585959170019677
P39019,RPS19,8,0.5908543361213685
P39023,RPL3,1,0.5901626121470919
P39059,COL15A1,2,0.5287769146153493
P39060,COL18A1,1,0.4590141476421116
P39656,DDOST,8,0.5311369373229439
P39687,ANP32A,1,0.44470358235527924
P39748,FEN1,0,NA
P40121,CAPG,1,0.6547211948145479
P40123,CAP2,2,0.3885843531101011
P40227,CCT6A,5,0.42894807349051267
P40261,NNMT,1,0.5869643217937003
P40306,PSMB10,1,0.420417184909265
P40429,RPL13A,2,0.6344110338643865
P40616,ARL1,0,NA
P40763,STAT3,0,NA
P40855,PEX19,4,0.44884719689396224
P40925,MDH1,9,0.37707468771188435
P40926,MDH2,3,0.5266262214779798
P40939,HADHA,0,NA
P41091,EIF2S3,4,0.4541239599997525
P41222,PTGDS,1,0.4570947511621914
P41227,NAA10,6,0.43920297951693
P41236,PPP1R2,0,NA
P41250,GARS1,9,0.3724434390653173
P41252,IARS1,3,0.4852482714724103
P41567,EIF1,0,NA
P42025,ACTR1B,0,NA
P42126,ECI1,3,0.4917363657237077
P42224,STAT1,1,0.3204354055680224
P42330,AKR1C3,0,NA
P42345,MTOR,0,NA
P42566,EPS15,5,0.38608660499575126
P42574,CASP3,0,NA
P42677,RPS27,2,0.31550307338712463
P42704,LRPPRC,3,0.7572919040888483
P42765,ACAA2,3,0.3743437384265504
P42766,RPL35,8,0.41651355129776346
P43007,SLC1A4,0,NA
P43034,PAFAH1B1,4,0.37138231024279605
P43121,MCAM,1,0.7287940147957854
P43155,CRAT,3,0.7397574833847774
P43243,MATR3,2,0.6281233791165544
P43304,GPD2,4,0.6101251672712169
P43307,SSR1,1,0.4187742172845031
P43487,RANBP1,5,0.7222343233905821
P43490,NAMPT,3,0.5682506093261889
P43686,PSMC4,0,NA
P43897,TSFM,3,0.5201600074993665
P45378,TNNT3,2,0.9065311597118674
P45381,ASPA,9,0.5105074570909954
P45877,PPIC,9,0.38659560305311674
P45880,VDAC2,10,0.7442929618145127
P45954,ACADSB,0,NA
P45974,USP5,1,0.46840787533679334
P45984,MAPK9,0,NA
P45985,MAP2K4,4,0.317870372534809
P46020,PHKA1,3,0.5147010138836268
P46060,RANGAP1,5,0.3209089513498122
P46063,RECQL,0,NA
P46108,CRK,1,0.3492892465366686
P46109,CRKL,0,NA
P46199,MTIF2,3,0.332301153322108
P46379,BAG6,0,NA
P46459,NSF,0,NA
P46527,CDKN1B,0,NA
P46734,MAP2K3,0,NA
P46736,BRCC3,4,0.36389116660151866
P46776,RPL27A,8,0.7141774029287379
P46777,RPL5,8,0.7689749595547235
P46778,RPL21,2,0.6349089131645699
P46779,RPL28,2,0.6088667845672486
P46781,RPS9,8,0.6185320621135748
P46782,RPS5,8,0.7194982373139883
P46783,RPS10,8,0.5583699774968194
P46821,MAP1B,1,0.5980844929085884
P46926,GNPDA1,7,0.5641327841836361
P46937,YAP1,1,0.36149486680708526
P46939,UTRN,1,0.43847018844039587
P46940,IQGAP1,1,0.83736023353836
P46976,GYG1,4,0.4776050312906273
P46977,STT3A,0,NA
P47755,CAPZA2,2,0.7583320672840904
P47756,CAPZB,2,0.7974397541459551
P47813,EIF1AX,0,NA
P47897,QARS1,3,0.4566235961367522
P47914,RPL29,2,0.3954645823638057
P47985,UQCRFS1,10,0.5351920848960161
P48047,ATP5PO,0,NA
P48059,LIMS1,1,0.35172444553183785
P48147,PREP,4,0.6440075191775685
P48163,ME1,5,0.389815373079233
P48426,PIP4K2A,5,0.627072974897823
P48444,ARCN1,0,NA
P48449,LSS,4,0.32724318801425284
P48454,PPP3CC,0,NA
P48506,GCLC,5,0.794298015313434
P48507,GCLM,5,0.5432212157381406
P48509,CD151,1,0.38923493837729545
P48556,PSMD8,0,NA
P48637,GSS,5,0.7149523849253118
P48643,CCT5,5,0.36293958658194686
P48681,NES,2,0.46523850504033415
P48735,IDH2,3,0.5655401333131334
P48739,PITPNB,1,0.41098332001278
P48788,TNNI2,2,0.8191893803753332
P49006,MARCKSL1,6,0.4883706802566738
P49023,PXN,0,NA
P49137,MAPKAPK2,0,NA
P49184,DNASE1L1,0,NA
P49189,ALDH9A1,5,0.3976499724401441
P49207,RPL34,0,NA
P49247,RPIA,5,0.5851245786040598
P49257,LMAN1,0,NA
P49327,FASN,1,0.5795344721811255
P49354,FNTA,9,0.48670388700904593
P49366,DHPS,2,0.3059431052920258
P49368,CCT3,1,0.37028777356300624
P49406,MRPL19,3,0.40123748919333513
P49407,ARRB1,1,0.3522627521513441
P49411,TUFM,3,0.8096105572773836
P49419,ALDH7A1,1,0.4514020636244424
P49427,CDC34,5,0.5373608070105074
P49441,INPP1,0,NA
P49458,SRP9,2,0.32263226550026525
P49585,PCYT1A,4,0.3338541959571564
P49588,AARS1,1,0.39828140787342764
P49589,CARS1,1,0.3126282053312339
P49590,HARS2,3,0.4052202456867265
P49591,SARS1,1,0.35966509804508395
P49593,PPM1F,0,NA
P49720,PSMB3,0,NA
P49721,PSMB2,5,0.404464977624489
P49748,ACADVL,3,0.5150878951993019
P49755,TMED10,0,NA
P49770,EIF2B2,6,0.5160549975285531
P49773,HINT1,5,0.35912887541609223
P49789,FHIT,3,0.29970878473739715
P49821,NDUFV1,10,0.7432976800497892
P49840,GSK3A,4,0.37857457913740616
P49841,GSK3B,0,NA
P49902,NT5C2,0,NA
P49903,SEPHS1,7,0.4722909588760675
P49914,MTHFS,0,NA
P49915,GMPS,4,0.3020734326938977
P50148,GNAQ,1,0.47904604821344504
P50213,IDH3A,3,0.6174369418660556
P50238,CRIP1,1,0.6814457140180142
P50395,GDI2,5,0.5115304829756809
P50402,EMD,2,0.33573920209011615
P50440,GATM,3,0.3062241956113466
P50453,SERPINB9,1,0.39684866461152635
P50454,SERPINH1,1,0.4267879221474103
P50461,CSRP3,0,NA
P50542,PEX5,0,NA
P50552,VASP,1,0.4497659945279894
P50570,DNM2,0,NA
P50579,METAP2,8,0.42432056091897524
P50583,NUDT2,6,0.4088455264526829
P50747,HLCS,3,0.33945672403625626
P50897,PPT1,0,NA
P50914,RPL14,2,0.5936042713076508
P50990,CCT8,5,0.45900243445308625
P50991,CCT4,3,0.33894930078568386
P50993,ATP1A2,4,0.503346614943979
P50995,ANXA11,0,NA
P51114,FXR1,2,0.6535445037919837
P51148,RAB5C,1,0.6278499460949911
P51149,RAB7A,1,0.4723194395469561
P51151,RAB9A,6,0.4932005127295396
P51398,DAP3,3,0.3122233238618844
P51452,DUSP3,0,NA
P51553,IDH3G,3,0.7941984277475664
P51570,GALK1,7,0.575717596140554
P51571,SSR4,8,0.3213901706751406
P51572,BCAP31,6,0.350032310692233
P51580,TPMT,4,0.33063781383767843
P51589,CYP2J2,0,NA
P51608,MECP2,2,0.5206709614871358
P51636,CAV2,1,0.44801008399384845
P51648,ALDH3A2,2,0.32205534692426124
P51649,ALDH5A1,3,0.6875058176858208
P51659,HSD17B4,8,0.7437770320217733
P51665,PSMD7,0,NA
P51668,UBE2D1,7,0.36267870921497675
P51687,SUOX,0,NA
P51692,STAT5B,0,NA
P51809,VAMP7,0,NA
P51812,RPS6KA3,4,0.5956908952781154
P51858,HDGF,0,NA
P51884,LUM,1,0.8623383663218201
P51888,PRELP,1,0.8314992095305767
P51911,CNN1,1,0.4165978620847461
P51970,NDUFA8,10,0.6799689706166637
P51991,HNRNPA3,2,0.49527887458099257
P52179,MYOM1,2,0.831845258299833
P52209,PGD,5,0.7988273764294622
P52272,HNRNPM,2,0.6666214301126067
P52294,KPNA1,4,0.3147869182199295
P52434,POLR2H,0,NA
P52564,MAP2K6,4,0.4195195365682843
P52565,ARHGDIA,1,0.531785779293615
P52594,AGFG1,5,0.3791476661214392
P52597,HNRNPF,2,0.3998948962944035
P52758,RIDA,0,NA
P52788,SMS,9,0.35821853854467334
P52789,HK2,0,NA
P52815,MRPL12,8,0.49580283571022676
P52888,THOP1,4,0.3123080273523737
P52895,AKR1C2,1,0.3415089840000948
P52907,CAPZA1,2,0.3582740075775022
P52943,CRIP2,1,0.6896512370670796
P53004,BLVRA,5,0.6297266991590494
P53041,PPP5C,0,NA
P53367,ARFIP1,1,0.32973880423483903
P53384,NUBP1,3,0.3801475104124672
P53396,ACLY,5,0.6876834340777944
P53582,METAP1,0,NA
P53597,SUCLG1,3,0.4869134653691524
P53602,MVD,5,0.5286345275917169
P53618,COPB1,0,NA
P53621,COPA,0,NA
P53634,CTSC,0,NA
P53701,HCCS,3,0.601978346900118
P53778,MAPK12,6,0.3481482652553247
P53814,SMTN,3,0.3188937270415005
P53985,SLC16A1,3,0.31463331490674107
P53990,IST1,3,0.4237455943500048
P53992,SEC24C,0,NA
P53999,SUB1,0,NA
P54105,CLNS1A,0,NA
P54136,RARS1,9,0.645017720617089
P54289,CACNA2D1,0,NA
P54296,MYOM2,2,0.83375745221065245
P54577,YARS1,6,0.47221751646216925
P54578,USP14,5,0.5640451552218487
P54619,PRKAG1,0,NA
P54646,PRKAA2,3,0.4323917603004177
P54652,HSPA2,4,0.5893386665649544
P54725,RAD23A,5,0.45577530438564784
P54727,RAD23B,0,NA
P54819,AK2,3,0.4644724785257093
P54868,HMGCS2,0,NA
P54920,NAPA,0,NA
P55010,EIF5,9,0.5572637850046498
P55036,PSMD4,6,0.4832899859211023
P55039,DRG2,6,0.5784448785299361
P55042,RRAD,6,0.3011502198502277
P55060,CSE1L,6,0.7065758971872873
P55061,TMBIM6,0,NA
P55072,VCP,1,0.6184172708139298
P55084,HADHB,4,0.540774504542881
P55087,AQP4,2,0.3657238177645349
P55209,NAP1L1,7,0.600445236379251
P55263,ADK,1,0.5144326283639583
P55268,LAMB2,2,0.8397364854751418
P55290,CDH13,1,0.3289085456690934
P55327,TPD52,0,NA
P55735,SEC13,6,0.3125913617303376
P55769,SNU13,2,0.32337070251659084
P55786,NPEPPS,4,0.40523044852191864
P55789,GFER,0,NA
P55795,HNRNPH2,0,NA
P55809,OXCT1,1,0.3601729213505745
P55822,SH3BGR,0,NA
P55884,EIF3B,8,0.6165628723099471
P55899,FCGRT,1,0.5664940454668366
P56134,ATP5MF,9,0.6608308752865272
P56181,NDUFV3,10,0.5217294340280364
P56192,MARS1,6,0.5460874563705643
P56199,ITGA1,1,0.3518799470467374
P56211,ARPP19,0,NA
P56277,CMC4,4,0.2906534513718122
P56378,ATP5MPL,0,NA
P56385,ATP5ME,3,0.615726752678224
P56537,EIF6,0,NA
P56539,CAV3,0,NA
P56556,NDUFA6,10,0.7226042203299319
P56945,BCAR1,6,0.6509875365305766
P57105,SYNJ2BP,0,NA
P57721,PCBP3,0,NA
P57737,CORO7,1,0.5174707150286947
P57772,EEFSEC,0,NA
P58511,SMIM11A,0,NA
P58546,MTPN,1,0.4083630293897814
P59768,GNG2,1,0.5830974132010758
P59998,ARPC4,1,0.5184854509429205
P60033,CD81,1,0.7020868567166754
P60174,TPI1,9,0.5485717630501714
P60228,EIF3E,8,0.5586123269270781
P60468,SEC61B,1,0.3903761218011216
P60520,GABARAPL2,0,NA
P60602,ROMO1,3,0.3488007473191845
P60660,MYL6,1,0.47458491098436134
P60842,EIF4A1,1,0.5421130259924883
P60866,RPS20,8,0.7039288227094479
P60891,PRPS1,5,0.32592923065881635
P60900,PSMA6,0,NA
P60903,S100A10,1,0.7050346074819245
P60953,CDC42,1,0.7139770872194073
P60981,DSTN,1,0.42258693043044504
P60983,GMFB,0,NA
P61009,SPCS3,0,NA
P61011,SRP54,0,NA
P61019,RAB2A,1,0.3817380152882695
P61020,RAB5B,0,NA
P61026,RAB10,0,NA
P61077,UBE2D3,5,0.3018952965914785
P61081,UBE2M,0,NA
P61086,UBE2K,0,NA
P61088,UBE2N,0,NA
P61106,RAB14,1,0.4906938066391958
P61158,ACTR3,1,0.7297246001022698
P61160,ACTR2,1,0.6096860136464464
P61163,ACTR1A,9,0.616840648957612
P61201,COPS2,0,NA
P61221,ABCE1,3,0.3321357525399299
P61224,RAP1B,1,0.5632251355985748
P61225,RAP2B,1,0.5056847449169755
P61247,RPS3A,8,0.8872657917396909
P61313,RPL15,2,0.6971911175520424
P61353,RPL27,2,0.587732058804076
P61421,ATP6V0D1,0,NA
P61457,PCBD1,6,0.48905716778619485
P61513,RPL37A,2,0.666368624916605
P61586,RHOA,1,0.3312692620722564
P61604,HSPE1,3,0.4934338811050351
P61758,VBP1,0,NA
P61769,B2M,1,0.5212149329309054
P61803,DAD1,8,0.32680844241976637
P61916,NPC2,1,0.32637350675558235
P61923,COPZ1,0,NA
P61925,PKIA,0,NA
P61956,SUMO2,0,NA
P61960,UFM1,9,0.5812213265753917
P61962,DCAF7,0,NA
P61970,NUTF2,9,0.7781416661396553
P61978,HNRNPK,1,0.6139003681028863
P61981,YWHAG,0,NA
P62070,RRAS2,6,0.41677481059808874
P62072,TIMM10,0,NA
P62081,RPS7,8,0.6537690294138635
P62136,PPP1CA,7,0.41478776927465677
P62140,PPP1CB,2,0.305631168801333
P62191,PSMC1,0,NA
P62195,PSMC5,4,0.37863034169510806
P62241,RPS8,8,0.7799699254961168
P62244,RPS15A,8,0.48381425947637624
P62249,RPS16,8,0.6165692129945123
P62253,UBE2G1,0,NA
P62256,UBE2H,2,0.3362314620381694
P62258,YWHAE,0,NA
P62263,RPS14,8,0.7047099221631908
P62266,RPS23,8,0.4628963627422432
P62269,RPS18,8,0.7269103782344724
P62277,RPS13,8,0.6991444396797808
P62280,RPS11,8,0.609419107983634
P62312,LSM6,0,NA
P62314,SNRPD1,0,NA
P62316,SNRPD2,0,NA
P62318,SNRPD3,0,NA
P62328,TMSB4X,1,0.6559648030069427
P62330,ARF6,0,NA
P62333,PSMC6,5,0.34997570990963006
P62424,RPL7A,2,0.7905525975348054
P62487,POLR2G,4,0.34659519656157767
P62495,ETF1,0,NA
P62633,CNBP,0,NA
P62701,RPS4X,8,0.7058673380774712
P62714,PPP2CB,7,0.4211864621027127
P62750,RPL23A,8,0.7891718490280756
P62753,RPS6,8,0.8082906204960555
P62805,H4C1,2,0.7759511416409068
P62820,RAB1A,1,0.3549878975390101
P62826,RAN,5,0.7112436082259387
P62829,RPL23,8,0.7668518524308175
P62834,RAP1A,1,0.3665835949777926
P62841,RPS15,2,0.3544068068725994
P62847,RPS24,8,0.5971685463366888
P62851,RPS25,6,0.6358395650806558
P62857,RPS28,8,0.463154992740594
P62873,GNB1,1,0.5131313864231677
P62877,RBX1,0,NA
P62879,GNB2,1,0.5702721126520901
P62888,RPL30,2,0.5461451619256017
P62899,RPL31,2,0.41320858578130953
P62906,RPL10A,2,0.6453419542949481
P62910,RPL32,2,0.6078992411826636
P62913,RPL11,0,NA
P62917,RPL8,2,0.6706778681960369
P62937,PPIA,7,0.8092818261394399
P62942,FKBP1A,0,NA
P62979,RPS27A,8,0.32381361881338677
P62993,GRB2,2,0.5583630412812339
P62995,TRA2B,2,0.4954171449258434
P63000,RAC1,0,NA
P63010,AP2B1,1,0.43798776295008846
P63027,VAMP2,0,NA
P63096,GNAI1,1,0.49171493145534695
P63098,PPP3R1,0,NA
P63104,YWHAZ,1,0.8262715339859187
P63146,UBE2B,0,NA
P63151,PPP2R2A,0,NA
P63172,DYNLT1,0,NA
P63173,RPL38,8,0.6649524001890844
P63208,SKP1,5,0.5631938154577124
P63220,RPS21,8,0.6995740361540762
P63241,EIF5A,7,0.4795123838417116
P63244,RACK1,8,0.7517100299434167
P63279,UBE2I,7,0.6256769735921243
P63302,SELENOW,4,0.30563316217570524
P63313,TMSB10,0,NA
P63316,TNNC1,2,0.8103116312088706
P67775,PPP2CA,9,0.44880699432352616
P67809,YBX1,2,0.4475609273480555
P67812,SEC11A,2,0.38598600389540966
P67870,CSNK2B,1,0.3205781795014351
P67936,TPM4,1,0.584544831310174
P68036,UBE2L3,1,0.37279147886804176
P68133,ACTA1,2,0.7487887902918908
P68366,TUBA4A,4,0.39894199879330755
P68371,TUBB4B,0,NA
P68400,CSNK2A1,0,NA
P68402,PAFAH1B2,7,0.6199576393504863
P78318,IGBP1,6,0.38401371992341654
P78344,EIF4G2,8,0.41728154439823056
P78347,GTF2I,0,NA
P78356,PIP4K2B,0,NA
P78371,CCT2,5,0.5225003657482784
P78417,GSTO1,5,0.47269513243419436
P78527,PRKDC,8,0.3802361831982919
P78560,CRADD,0,NA
P79483,HLA-DRB3,0,NA
P80188,LCN2,5,0.735294485086277
P80723,BASP1,1,0.6782239244257247
P82650,MRPS22,0,NA
P82663,MRPS25,3,0.4582049903125945
P82664,MRPS10,0,NA
P82673,MRPS35,0,NA
P82675,MRPS5,0,NA
P82909,MRPS36,0,NA
P82912,MRPS11,0,NA
P82914,MRPS15,3,0.3241189212401222
P82921,MRPS21,0,NA
P82930,MRPS34,0,NA
P82933,MRPS9,3,0.5430093786458329
P82979,SARNP,0,NA
P83111,LACTB,10,0.5908119638528224
P83731,RPL24,2,0.49437323891035806
P84022,SMAD3,0,NA
P84085,ARF5,0,NA
P84090,ERH,2,0.512991430028646
P84095,RHOG,1,0.6314251581233886
P84098,RPL19,2,0.44423616992951886
P84103,SRSF3,0,NA
P84157,MXRA7,0,NA
P98095,FBLN2,1,0.5393949492120808
P98160,HSPG2,2,0.7907681131071868
P98194,ATP2C1,0,NA
P99999,CYCS,0,NA
Q00059,TFAM,3,0.6336266259377696
Q00169,PITPNA,1,0.38854810060859896
Q00325,SLC25A3,3,0.621417091345064
Q00341,HDLBP,8,0.5649780646462077
Q00535,CDK5,0,NA
Q00577,PURA,2,0.5104271889751011
Q00610,CLTC,1,0.6550114543863185
Q00688,FKBP3,8,0.5479402117651129
Q00765,REEP5,0,NA
Q00796,SORD,6,0.4408557294860751
Q00839,HNRNPU,2,0.4179370892350113
Q00872,MYBPC1,2,0.8800538829908808
Q00G26,PLIN5,4,0.521817897288196
Q01082,SPTBN1,1,0.7340545224979521
Q01085,TIAL1,0,NA
Q01105,SET,9,0.33580912753013636
Q01130,SRSF2,0,NA
Q01432,AMPD3,0,NA
Q01469,FABP5,1,0.7330827704458633
Q01484,ANK2,0,NA
Q01518,CAP1,1,0.7720950396427669
Q01628,IFITM3,1,0.431927275834447
Q01804,OTUD4,4,0.41922122009411467
Q01814,ATP2B2,4,0.6434295852938484
Q01844,EWSR1,1,0.30870611261634934
Q01995,TAGLN,1,0.5659696094843258
Q02045,MYL5,2,0.6015194785416416
Q02127,DHODH,0,NA
Q02218,OGDH,3,0.6529009590084897
Q02221,COX6A2,0,NA
Q02252,ALDH6A1,5,0.2926220652295082
Q02318,CYP27A1,0,NA
Q02338,BDH1,3,0.4938877124409126
Q02543,RPL18A,2,0.6898926721903419
Q02641,CACNB1,4,0.5373409699283704
Q02750,MAP2K1,6,0.4634892480092001
Q02790,FKBP4,0,NA
Q02818,NUCB1,1,0.33310353119044683
Q02878,RPL6,2,0.7409821841377411
Q02952,AKAP12,1,0.8652415657901354
Q02978,SLC25A11,3,0.5407835579193899
Q03013,GSTM4,9,0.4524882252253064
Q03135,CAV1,1,0.47937316952503817
Q03154,ACY1,3,0.595464881831639
Q03169,TNFAIP2,0,NA
Q03252,LMNB2,2,0.7884341798328194
Q04206,RELA,0,NA
Q04323,UBXN1,2,0.3271513189179147
Q04446,GBE1,1,0.3883133419321377
Q04637,EIF4G1,2,0.37742894749181555
Q04759,PRKCQ,4,0.47575920024121854
Q04760,GLO1,5,0.28890619011895924
Q04837,SSBP1,3,0.4694538133863797
Q04917,YWHAH,1,0.3452913199818878
Q04941,PLP2,1,0.3459409799864521
Q05086,UBE3A,4,0.6232484004156466
Q05397,PTK2,0,NA
Q05519,SRSF11,0,NA
Q05639,EEF1A2,9,0.5969498120075163
Q05682,CALD1,1,0.6340183811065885
Q05707,COL14A1,1,0.6608757996070738
Q06124,PTPN11,1,0.30589661236009863
Q06136,KDSR,6,0.4225677479357859
Q06190,PPP2R3A,0,NA
Q06210,GFPT1,0,NA
Q06323,PSME1,1,0.6258344151961045
Q06432,CACNG1,7,0.3131573249467223
Q06828,FMOD,1,0.6924899896072114
Q06830,PRDX1,7,0.7921447779368946
Q07020,RPL18,8,0.6421890417375553
Q07021,C1QBP,9,0.5957946374840386
Q07065,CKAP4,1,0.45412295705996575
Q07157,TJP1,0,NA
Q07507,DPT,2,0.4768116668758061
Q07699,SCN1B,0,NA
Q07812,BAX,0,NA
Q07866,KLC1,0,NA
Q07954,LRP1,1,0.6104423339233628
Q07955,SRSF1,1,0.34689271426414875
Q07960,ARHGAP1,1,0.6138407708386338
Q08043,ACTN3,2,0.8222346232643154
Q08174,PCDH1,0,NA
Q08209,PPP3CA,0,NA
Q08211,DHX9,2,0.6128611076583603
Q08257,CRYZ,1,0.39423288200436
Q08357,SLC20A2,4,0.40618148602117815
Q08380,LGALS3BP,1,0.4325542139349295
Q08431,MFGE8,1,0.483452342840153
Q08499,PDE4D,4,0.4333686784655685
Q08623,PUDP,7,0.5277893625392321
Q08722,CD47,5,0.5527295999982715
Q08752,PPID,0,NA
Q08AM6,VAC14,1,0.3205229660278315
Q08J23,NSUN2,3,0.32166712206164405
Q09028,RBBP4,0,NA
Q09666,AHNAK,1,0.9525036716167278
Q0D2K2,KLHL30,0,NA
Q0VAK6,LMOD3,2,0.7498792592699768
Q0VDG4,SCRN3,0,NA
Q0ZGT2,NEXN,2,0.858252467492749
Q10567,AP1B1,1,0.3640677649132987
Q10713,PMPCA,3,0.34715758834938343
Q12768,WASHC5,0,NA
Q12797,ASPH,1,0.44449954836769906
Q12805,EFEMP1,1,0.7988122760966816
Q12846,STX4,0,NA
Q12849,GRSF1,0,NA
Q12857,NFIA,0,NA
Q12904,AIMP1,2,0.3429354073732442
Q12905,ILF2,2,0.4145125905389669
Q12906,ILF3,0,NA
Q12907,LMAN2,1,0.4686704994821214
Q12931,TRAP1,3,0.7350488666687993
Q12955,ANK3,4,0.6238602892211838
Q12983,BNIP3,0,NA
Q12988,HSPB3,4,0.4132635042154794
Q13011,ECH1,3,0.49230352760684915
Q13033,STRN3,2,0.3683510750385309
Q13045,FLII,2,0.601005451027752
Q13049,TRIM32,0,NA
Q13057,COASY,0,NA
Q13061,TRDN,2,0.7412868634362286
Q13084,MRPL28,0,NA
Q13098,GPS1,4,0.5914096491527526
Q13126,MTAP,0,NA
Q13131,PRKAA1,1,0.33584127716311957
Q13137,CALCOCO2,0,NA
Q13144,EIF2B5,3,0.37018233181034343
Q13148,TARDBP,0,NA
Q13151,HNRNPA0,1,0.4267621220723952
Q13153,PAK1,4,0.3197542022702371
Q13155,AIMP2,2,0.38274577726995973
Q13162,PRDX4,1,0.5819571036156256
Q13177,PAK2,6,0.459455689038742
Q13185,CBX3,7,0.6069024344443253
Q13200,PSMD2,0,NA
Q13203,MYBPH,2,0.7159409061564234
Q13228,SELENBP1,5,0.7229413347430249
Q13232,NME3,0,NA
Q13263,TRIM28,7,0.4673794512200201
Q13283,G3BP1,2,0.5948110921996901
Q13310,PABPC4,4,0.38275905104872665
Q13326,SGCG,2,0.35673485666710786
Q13347,EIF3I,2,0.47841651413270475
Q13361,MFAP5,1,0.4533370446942507
Q13363,CTBP1,0,NA
Q13404,UBE2V1,5,0.4374508755426731
Q13405,MRPL49,0,NA
Q13409,DYNC1I2,0,NA
Q13418,ILK,1,0.5188059006007992
Q13423,NNT,3,0.6425259249798627
Q13424,SNTA1,2,0.4329598430630272
Q13425,SNTB2,2,0.3244777767116957
Q13435,SF3B2,0,NA
Q13442,PDAP1,0,NA
Q13445,TMED1,0,NA
Q13451,FKBP5,0,NA
Q13485,SMAD4,0,NA
Q13492,PICALM,0,NA
Q13496,MTM1,0,NA
Q13501,SQSTM1,2,0.3749188105376491
Q13505,MTX1,3,0.30192693624838163
Q13508,ART3,0,NA
Q13510,ASAH1,1,0.3735640495461565
Q13522,PPP1R1A,0,NA
Q13526,PIN1,7,0.5922224618723957
Q13541,EIF4EBP1,0,NA
Q13542,EIF4EBP2,0,NA
Q13554,CAMK2B,4,0.5238724037236041
Q13555,CAMK2G,0,NA
Q13557,CAMK2D,2,0.3941067325794952
Q13561,DCTN2,2,0.37131470528836735
Q13564,NAE1,5,0.3212900757863713
Q13574,DGKZ,0,NA
Q13586,STIM1,2,0.4117447113950939
Q13596,SNX1,1,0.5163475877162461
Q13616,CUL1,4,0.5745713776814659
Q13617,CUL2,4,0.4394440718769115
Q13618,CUL3,0,NA
Q13619,CUL4A,4,0.5707126350618817
Q13630,TSTA3,5,0.7404889037906452
Q13636,RAB31,0,NA
Q13642,FHL1,0,NA
Q13643,FHL3,2,0.4833918920432707
Q13683,ITGA7,1,0.607749744867407
Q13685,AAMP,4,0.5013373144954202
Q13698,CACNA1S,4,0.7240382747694608
Q13724,MOGS,0,NA
Q13813,SPTAN1,1,0.718008880588683
Q13825,AUH,3,0.709037432647261
Q13838,DDX39B,0,NA
Q13867,BLMH,9,0.3717810254838327
Q13884,SNTB1,2,0.4407041526444064
Q13885,TUBB2A,1,0.6300822986093145
Q13907,IDI1,9,0.5025712467863193
Q13951,CBFB,0,NA
Q13976,PRKG1,4,0.38684877185273103
Q14008,CKAP5,0,NA
Q14011,CIRBP,0,NA
Q14061,COX17,3,0.35503998167090944
Q14103,HNRNPD,1,0.4286245932261932
Q14108,SCARB2,1,0.38177596491137145
Q14112,NID2,2,0.6906453624814584
Q14116,IL18,6,0.46434605248615324
Q14118,DAG1,6,0.38293168617745227
Q14139,UBE4A,6,0.3765271429178691
Q14152,EIF3A,8,0.6745190654857005
Q14157,UBAP2L,2,0.2994934149606659
Q14165,MLEC,0,NA
Q14166,TTLL12,0,NA
Q14195,DPYSL3,1,0.5131423077168592
Q14197,MRPL58,0,NA
Q14203,DCTN1,6,0.5966224825889181
Q14204,DYNC1H1,8,0.359097644898629
Q14232,EIF2B1,0,NA
Q14240,EIF4A2,8,0.34954076429187697
Q14247,CTTN,2,0.479211885107786
Q14249,ENDOG,3,0.607690878437069
Q14254,FLOT2,5,0.6689668912947268
Q14257,RCN2,9,0.4094704152115996
Q14258,TRIM25,0,NA
Q14315,FLNC,4,0.571002372400016
Q14324,MYBPC2,2,0.8474236868705162
Q14344,GNA13,1,0.39787317052411547
Q14353,GAMT,9,0.7032783426075639
Q14444,CAPRIN1,0,NA
Q14558,PRPSAP1,6,0.47030659978481687
Q14624,ITIH4,5,0.859458311182089
Q14654,KCNJ11,0,NA
Q14657,LAGE3,0,NA
Q14677,CLINT1,0,NA
Q14693,LPIN1,0,NA
Q14694,USP10,0,NA
Q14696,MESD,0,NA
Q14697,GANAB,1,0.7000542192912291
Q14699,RFTN1,1,0.4965738022490714
Q14714,SSPN,0,NA
Q14728,MFSD10,0,NA
Q14738,PPP2R5D,0,NA
Q14764,MVP,1,0.5492130487334226
Q147X3,NAA30,2,0.5635046494358756
Q14847,LASP1,1,0.6918260444630374
Q14894,CRYM,4,0.46057877957021703
Q14914,PTGR1,0,NA
Q14974,KPNB1,1,0.41083494452158814
Q14980,NUMA1,6,0.3585996395385841
Q14BN4,SLMAP,0,NA
Q14C86,GAPVD1,5,0.335741822234168
Q14CX7,NAA25,0,NA
Q15005,SPCS2,0,NA
Q15006,EMC2,2,0.4456243497425407
Q15008,PSMD6,3,0.3786327733933537
Q15018,ABRAXAS2,6,0.48611600170095554
Q15019,SEPTIN2,1,0.687503540679463
Q15029,EFTUD2,0,NA
Q15031,LARS2,3,0.41075540401278665
Q15036,SNX17,0,NA
Q15042,RAB3GAP1,0,NA
Q15046,KARS1,3,0.44006284685082814
Q15052,ARHGEF6,0,NA
Q15056,EIF4H,0,NA
Q15070,OXA1L,3,0.3181563425435867
Q15075,EEA1,6,0.39673670683696166
Q15084,PDIA6,1,0.691569860597053
Q15102,PAFAH1B3,5,0.6754826833239923
Q15111,PLCL1,0,NA
Q15113,PCOLCE,1,0.6236122945102309
Q15119,PDK2,3,0.5887289007983064
Q15121,PEA15,1,0.4173125576957712
Q15124,PGM5,2,0.3968029417249907
Q15126,PMVK,0,NA
Q15149,PLEC,2,0.9105270009539151
Q15172,PPP2R5A,0,NA
Q15181,PPA1,1,0.42742519980679317
Q15185,PTGES3,1,0.43530076707604237
Q15233,NONO,8,0.658499573923872
Q15257,PTPA,5,0.519336997743656
Q15276,RABEP1,0,NA
Q15286,RAB35,1,0.6379245093406085
Q15293,RCN1,1,0.3630839277649777
Q15363,TMED2,0,NA
Q15365,PCBP1,6,0.362103990712421
Q15366,PCBP2,1,0.32743490065587033
Q15369,ELOC,0,NA
Q15370,ELOB,0,NA
Q15382,RHEB,0,NA
Q15386,UBE3C,4,0.3463737064259028
Q15392,DHCR24,0,NA
Q15393,SF3B3,0,NA
Q15404,RSU1,1,0.6759127241947116
Q15417,CNN3,1,0.4870666150339273
Q15427,SF3B4,1,0.3552458444369093
Q15435,PPP1R7,5,0.4990156687004426
Q15436,SEC23A,6,0.5110978113373368
Q15477,SKIV2L,0,NA
Q15493,RGN,3,0.35635878598830467
Q15526,SURF1,10,0.32190804773862153
Q15555,MAPRE2,0,NA
Q15582,TGFBI,1,0.6333724488016149
Q15599,SLC9A3R2,2,0.458747314585563
Q15631,TSN,1,0.35616155616994805
Q15637,SF1,0,NA
Q15642,TRIP10,0,NA
Q15653,NFKBIB,2,0.30385213690643276
Q15691,MAPRE1,1,0.35799828478296164
Q15714,TSC22D1,5,0.5485058278915845
Q15717,ELAVL1,2,0.46303166029695225
Q15746,MYLK,1,0.5156054973190993
Q15772,SPEG,2,0.6652357126202906
Q15785,TOMM34,4,0.31556690329392006
Q15796,SMAD2,0,NA
Q15811,ITSN1,1,0.5462022371370476
Q15813,TBCE,6,0.4193652861320702
Q15814,TBCC,4,0.32328337847762184
Q15819,UBE2V2,6,0.3942990593165348
Q15836,VAMP3,0,NA
Q15843,NEDD8,7,0.6666305003120878
Q15847,ADIRF,1,0.7212361792905144
Q15848,ADIPOQ,1,0.33789795819299906
Q15884,FAM189A2,4,0.4450681155965737
Q15907,RAB11B,0,NA
Q15942,ZYX,1,0.7147943520770559
Q16082,HSPB2,0,NA
Q16134,ETFDH,3,0.5179981039632798
Q16181,SEPTIN7,1,0.6176865920626882
Q16186,ADRM1,0,NA
Q16204,CCDC6,4,0.34911004136809715
Q16222,UAP1,0,NA
Q16270,IGFBP7,1,0.5499075379814184
Q16401,PSMD5,1,0.4024889225878939
Q16527,CSRP2,1,0.6899754227676866
Q16531,DDB1,4,0.5129643182228077
Q16537,PPP2R5E,0,NA
Q16539,MAPK14,4,0.6065820260600303
Q16543,CDC37,0,NA
Q16555,DPYSL2,1,0.8939247911000229
Q16563,SYPL1,1,0.4127164063436215
Q16576,RBBP7,0,NA
Q16585,SGCB,0,NA
Q16586,SGCA,2,0.4790765758898598
Q16595,FXN,3,0.3983353226395321
Q16610,ECM1,5,0.6551178256803611
Q16619,CTF1,0,NA
Q16629,SRSF7,0,NA
Q16630,CPSF6,0,NA
Q16643,DBN1,1,0.5504757169303442
Q16654,PDK4,0,NA
Q16658,FSCN1,1,0.6318975354266227
Q16666,IFI16,1,0.48689298882168386
Q16698,DECR1,3,0.5873450795962032
Q16718,NDUFA5,0,NA
Q16740,CLPP,3,0.4283672178162729
Q16762,TST,0,NA
Q16773,KYAT1,4,0.548851946022858
Q16774,GUK1,5,0.550725119309861
Q16775,HAGH,6,0.27737751863811877
Q16795,NDUFA9,10,0.7674577835669004
Q16799,RTN1,1,0.4398605172387492
Q16816,PHKG1,3,0.548386312106431
Q16821,PPP1R3A,4,0.5991537602050329
Q16836,HADH,9,0.6056321911544464
Q16851,UGP2,3,0.3116701842289623
Q16853,AOC3,1,0.6689506900087223
Q16864,ATP6V1F,6,0.5286803940724707
Q16881,TXNRD1,0,NA
Q16890,TPD52L1,4,0.3411425730314962
Q16891,IMMT,10,0.7541807991137655
Q1KMD3,HNRNPUL2,0,NA
Q2TAA2,IAH1,9,0.5062922738443033
Q2TAL5,SMTNL2,4,0.3940634335969173
Q2TBA0,KLHL40,2,0.6017822483686286
Q32MK0,MYLK3,4,0.44214725105224584
Q330K2,NDUFAF6,0,NA
Q3KQU3,MAP7D1,0,NA
Q3LXA3,TKFC,5,0.3415838786737379
Q3SXM5,HSDL1,4,0.5852903131200726
Q3YEC7,RABL6,0,NA
Q3ZCQ8,TIMM50,0,NA
Q3ZCW2,LGALSL,0,NA
Q49AH0,CDNF,4,0.37731200892436323
Q49B96,COX19,3,0.407325601415721
Q4G0N4,NADK2,3,0.4594393678387979
Q4G0W2,DUSP28,4,0.6569572781452976
Q4G176,ACSF3,3,0.3471561792960396
Q4J6C6,PREPL,0,NA
Q4KMP7,TBC1D10B,4,0.3193091920226634
Q4KMQ2,ANO6,6,0.7238104734963746
Q4VC31,CCDC58,3,0.3340687269478778
Q52LJ0,FAM98B,0,NA
Q53EU6,GPAT3,0,NA
Q53FT3,HIKESHI,6,0.3625655618861687
Q53GG5,PDLIM3,2,0.46435171523345614
Q53GQ0,HSD17B12,0,NA
Q53H12,AGK,3,0.34053012756931184
Q53H82,LACTB2,0,NA
Q53HC9,EIPR1,0,NA
Q53S33,BOLA3,0,NA
Q53TN4,CYBRD1,1,0.7372534969645728
Q562R1,ACTBL2,2,0.40771845580639465
Q567U6,CCDC93,9,0.4496430759517185
Q58FF6,HSP90AB4P,0,NA
Q58FF8,HSP90AB2P,0,NA
Q58WW2,DCAF6,3,0.5608886110665924
Q5BKX8,CAVIN4,0,NA
Q5EBM0,CMPK2,0,NA
Q5GLZ8,HERC4,3,0.35370517886170455
Q5H9R7,PPP6R3,0,NA
Q5HYI8,RABL3,0,NA
Q5HYK3,COQ5,3,0.6756292616238868
Q5J8M3,EMC4,8,0.4127443333343305
Q5JPH6,EARS2,3,0.38727941815119027
Q5JR12,PPM1J,6,0.5502595019639352
Q5JRA6,MIA3,0,NA
Q5JRX3,PITRM1,0,NA
Q5JSH3,WDR44,4,0.36948838619000074
Q5JTJ3,COA6,3,0.5281562437322803
Q5JTV8,TOR1AIP1,0,NA
Q5JVF3,PCID2,0,NA
Q5MNZ9,WIPI1,4,0.3526303676648085
Q5QJ74,TBCEL,5,0.41788119881321595
Q5R3I4,TTC38,0,NA
Q5RI15,COX20,3,0.3225947879060154
Q5SQH8,C6orf136,3,0.5902484797227845
Q5SRE7,PHYHD1,0,NA
Q5SSJ5,HP1BP3,2,0.6344632193387016
Q5SV97,PERM1,3,0.6225292460859609
Q5SWX8,ODR4,0,NA
Q5T013,HYI,5,0.43134169842207226
Q5T1C6,THEM4,0,NA
Q5T1M5,FKBP15,0,NA
Q5T440,IBA57,3,0.7059904989851927
Q5T447,HECTD3,0,NA
Q5T481,RBM20,3,0.3866870584728894
Q5T4S7,UBR4,4,0.3680405925500567
Q5T653,MRPL2,7,0.32201900050321297
Q5T6F2,UBAP2,4,0.323465078912222
Q5T6V5,C9orf64,0,NA
Q5TA50,CPTP,3,0.3310444941925064
Q5TAQ9,DCAF8,6,0.5195750366496681
Q5TC12,ATPAF1,3,0.5054295049490175
Q5TDH0,DDI2,5,0.8027883727893499
Q5TEU4,NDUFAF5,0,NA
Q5TFE4,NT5DC1,5,0.33984951247944006
Q5TGZ0,MICOS10,4,0.3489346882268977
Q5U5X0,LYRM7,3,0.5303191518165554
Q5UCC4,EMC10,0,NA
Q5VST9,OBSCN,2,0.9076890628703853
Q5VTT5,MYOM3,2,0.8900689085541816
Q5VUM1,SDHAF4,0,NA
Q5VVQ6,YOD1,5,0.725682652060874
Q5VW32,BROX,5,0.40233271316091007
Q5VWP3,MLIP,2,0.7924549640707109
Q5VWZ2,LYPLAL1,7,0.4001569717871523
Q5VXT5,SYPL2,0,NA
Q5VYK3,ECPAS,2,0.377825241168924
Q5VZP5,DUSP27,4,0.3907489235070719
Q5XKP0,MICOS13,0,NA
Q5XPI4,RNF123,5,0.4346964166854709
Q66K74,MAP1S,4,0.48362654374587516
Q687X5,STEAP4,1,0.3711411289574991
Q68EM7,ARHGAP17,0,NA
Q68J44,DUPD1,3,0.44335855693259213
Q69YU5,C12orf73,3,0.4100401444578519
Q6B8I1,DUSP13,4,0.5587374655535471
Q6DD88,ATL3,1,0.7116274220341132
Q6DHV7,ADAL,0,NA
Q6DKJ4,NXN,6,0.42645734297230353
Q6EEV4,POLR2M,0,NA
Q6FI81,CIAPIN1,5,0.3539839333349524
Q6GMV2,SMYD5,6,0.5002174479468728
Q6GMV3,PTRHD1,5,0.3372036881470228
Q6GQQ9,OTUD7B,0,NA
Q6H8Q1,ABLIM2,2,0.8589854080545933
Q6IAA8,LAMTOR1,0,NA
Q6IAN0,DHRS7B,4,0.5608243287164464
Q6IBS0,TWF2,2,0.4575116008993437
Q6ICL3,TANGO2,5,0.4064683493810187
Q6IPR1,ETFRF1,0,NA
Q6IQ22,RAB12,4,0.4355591140102436
Q6JBY9,RCSD1,4,0.517432381829033
Q6L8Q7,PDE12,0,NA
Q6NSJ0,MYORG,0,NA
Q6NUK1,SLC25A24,6,0.6181149229731077
Q6NVY1,HIBCH,3,0.6080417727924501
Q6NW29,RWDD4,0,NA
Q6NXT6,TAPT1,4,0.3717186178467684
Q6NZI2,CAVIN1,1,0.7498801667627624
Q6P179,ERAP2,0,NA
Q6P1A2,LPCAT3,0,NA
Q6P1L8,MRPL14,0,NA
Q6P1N0,CC2D1A,0,NA
Q6P1N9,TATDN1,0,NA
Q6P1X6,C8orf82,0,NA
Q6P3S6,FBXO42,4,0.409192735361316
Q6P4A7,SFXN4,0,NA
Q6P587,FAHD1,3,0.3680892432411365
Q6P5Q4,LMOD2,2,0.7370365141335269
Q6PCB7,SLC27A1,0,NA
Q6PCE3,PGM2L1,7,0.42176503074726485
Q6PGP7,TTC37,0,NA
Q6PH85,DCUN1D2,3,0.3083519699070039
Q6PHR2,ULK3,0,NA
Q6PI48,DARS2,10,0.44800350812581097
Q6PI78,TMEM65,3,0.5284669446699063
Q6PIU2,NCEH1,0,NA
Q6PJW8,CNST,6,0.5795758117468043
Q6PKG0,LARP1,0,NA
Q6PML9,SLC30A9,0,NA
Q6QEF8,CORO6,2,0.7612379254156522
Q6UW68,TMEM205,2,0.4949175511891232
Q6UW78,UQCC3,0,NA
Q6UWP2,DHRS11,0,NA
Q6UWP7,LCLAT1,0,NA
Q6UWY5,OLFML1,1,0.4977630836691123
Q6UXN9,WDR82,0,NA
Q6UXV4,APOOL,10,0.6979857921802803
Q6XQN6,NAPRT,5,0.6150842326033563
Q6YN16,HSDL2,3,0.6841942969337619
Q6YP21,KYAT3,0,NA
Q6ZMU5,TRIM72,8,0.3484482932037351
Q6ZP80,TMEM182,0,NA
Q6ZT12,UBR3,4,0.4892201896015882
Q6ZUT6,CCDC9B,2,0.5414784407150485
Q6ZVM7,TOM1L2,0,NA
Q702N8,XIRP1,4,0.46641982682824285
Q709C8,VPS13C,0,NA
Q70IA6,MOB2,0,NA
Q711Q0,CEFIP,2,0.4147503628591996
Q712K3,UBE2R2,4,0.39456164989743187
Q76N32,CEP68,2,0.3707823325490896
Q7KZF4,SND1,8,0.6757609900705234
Q7L0Y3,TRMT10C,3,0.44601179888272574
Q7L1Q6,BZW1,0,NA
Q7L2H7,EIF3M,0,NA
Q7L3B6,CDC37L1,0,NA
Q7L3T8,PARS2,3,0.36604484410046556
Q7L523,RRAGA,4,0.49160278070189567
Q7L576,CYFIP1,5,0.5034829227765325
Q7L592,NDUFAF7,0,NA
Q7L5D6,GET4,0,NA
Q7L5N1,COPS6,0,NA
Q7L775,EPM2AIP1,7,0.356561840921833
Q7LBR1,CHMP1B,0,NA
Q7LG56,RRM2B,4,0.2968317210522663
Q7Z2K6,ERMP1,0,NA
Q7Z2T5,TRMT1L,0,NA
Q7Z2W9,MRPL21,3,0.35676481146947403
Q7Z392,TRAPPC11,0,NA
Q7Z3B4,NUP54,0,NA
Q7Z3D6,DGLUCY,3,0.6627116060168726
Q7Z406,MYH14,2,0.5905157864061369
Q7Z422,SZRD1,4,0.4200572152124395
Q7Z434,MAVS,2,0.4257160280679335
Q7Z460,CLASP1,2,0.29888419994946225
Q7Z4H3,HDDC2,6,0.44260211017468876
Q7Z4V5,HDGFL2,2,0.370537152050312
Q7Z4W1,DCXR,3,0.42029373845957135
Q7Z6K5,ARPIN,0,NA
Q7Z6Z7,HUWE1,2,0.37138922741476166
Q7Z7B0,FILIP1,2,0.2969041215522523
Q7Z7H5,TMED4,0,NA
Q7Z7H8,MRPL10,10,0.3035887035137474
Q7Z7K0,CMC1,0,NA
Q7Z7K6,CENPV,2,0.4577943429600217
Q86SX6,GLRX5,7,0.7074556674219676
Q86SZ2,TRAPPC6B,0,NA
Q86T13,CLEC14A,0,NA
Q86TC9,MYPN,2,0.8475747116693095
Q86TD4,SRL,0,NA
Q86TI2,DPP9,0,NA
Q86TN4,TRPT1,3,0.4520212142122102
Q86TP1,PRUNE1,0,NA
Q86TU7,SETD3,2,0.3263927331324278
Q86TX2,ACOT1,3,0.32377729045544806
Q86U28,ISCA2,3,0.3083712218534841
Q86U42,PABPN1,0,NA
Q86UA6,RPAIN,0,NA
Q86UE4,MTDH,8,0.40871623958151443
Q86UP2,KTN1,2,0.5492915435655458
Q86UT6,NLRX1,3,0.5705948321613319
Q86UU1,PHLDB1,1,0.4401187272101875
Q86UY8,NT5DC3,3,0.4555721687012046
Q86V81,ALYREF,0,NA
Q86V88,MDP1,0,NA
Q86VB7,CD163,1,0.6684739074248252
Q86VD7,SLC25A42,0,NA
Q86VF2,IGFN1,0,NA
Q86VF7,NRAP,4,0.5903001726308803
Q86VN1,VPS36,4,0.43173407018164167
Q86VP3,PACS2,0,NA
Q86VP6,CAND1,5,0.7128904228361855
Q86VS8,HOOK3,0,NA
Q86VU5,COMTD1,3,0.5203611697958022
Q86VY4,TSPYL5,0,NA
Q86WA6,BPHL,0,NA
Q86WC6,PPP1R27,0,NA
Q86WU2,LDHD,3,0.4712279090539758
Q86WW8,COA5,10,0.30955437568819927
Q86X55,CARM1,4,0.6160894499256773
Q86X76,NIT1,6,0.433011490916153
Q86XI6,PPP1R3B,0,NA
Q86Y39,NDUFA11,2,0.3018263665126666
Q86YB7,ECHDC2,0,NA
Q86YM7,HOMER1,4,0.4679049600130872
Q8IUG5,MYO18B,2,0.6453169115493677
Q8IUZ5,PHYKPL,6,0.32597930744547066
Q8IV38,ANKMY2,0,NA
Q8IVD9,NUDCD3,3,0.32043817001889474
Q8IVN3,MUSTN1,0,NA
Q8IVP5,FUNDC1,0,NA
Q8IW45,NAXD,6,0.44306388244462785
Q8IWA4,MFN1,4,0.298760489144531
Q8IWA5,SLC44A2,0,NA
Q8IWB7,WDFY1,0,NA
Q8IWE2,FAM114A1,0,NA
Q8IWL3,HSCB,0,NA
Q8IWT0,ZBTB8OS,0,NA
Q8IWV7,UBR1,0,NA
Q8IWW8,ADHFE1,3,0.5171687425497933
Q8IWX7,UNC45B,3,0.5879039336901982
Q8IXI2,RHOT1,0,NA
Q8IXJ6,SIRT2,0,NA
Q8IXL7,MSRB3,0,NA
Q8IXM3,MRPL41,0,NA
Q8IY95,TMEM192,0,NA
Q8IYB7,DIS3L2,5,0.3832011222364281
Q8IYB8,SUPV3L1,3,0.4342511161768464
Q8IYD1,GSPT2,0,NA
Q8IYQ7,THNSL1,3,0.520070684761353
Q8IYS1,PM20D2,4,0.3667400089439455
Q8IYU8,MICU2,3,0.31501077805640404
Q8IZ81,ELMOD2,0,NA
Q8IZ83,ALDH16A1,5,0.5907310035553952
Q8N0U4,FAM185A,3,0.5844851989456857
Q8N0U8,VKORC1L1,0,NA
Q8N0X4,CLYBL,7,0.39381106895277956
Q8N0X7,SPART,0,NA
Q8N112,LSMEM2,0,NA
Q8N122,RPTOR,0,NA
Q8N142,ADSS1,9,0.5232330619477653
Q8N163,CCAR2,0,NA
Q8N183,NDUFAF2,3,0.31380548617991344
Q8N1F7,NUP93,0,NA
Q8N1G4,LRRC47,0,NA
Q8N283,ANKRD35,0,NA
Q8N2G8,GHDC,0,NA
Q8N2U9,SLC66A2,6,0.38387400389407283
Q8N335,GPD1L,4,0.4490376172938654
Q8N392,ARHGAP18,0,NA
Q8N3D4,EHBP1L1,6,0.6486025411095987
Q8N3K9,CMYA5,2,0.8010619367905075
Q8N3L3,TXLNB,4,0.7479439178981918
Q8N3V7,SYNPO,2,0.9383791217603128
Q8N442,GUF1,3,0.42727344942317547
Q8N465,D2HGDH,4,0.5306818545205209
Q8N4L2,PIP4P2,0,NA
Q8N4Q0,ZADH2,3,0.4797832397880672
Q8N4Q1,CHCHD4,3,0.3087537415726545
Q8N4T8,CBR4,3,0.5433671884065303
Q8N4V1,MMGT1,0,NA
Q8N5G0,SMIM20,3,0.4174251079977795
Q8N5K1,CISD2,8,0.36365487478896447
Q8N5M1,ATPAF2,3,0.5741992658290701
Q8N5M9,JAGN1,8,0.4385197691545979
Q8N5N7,MRPL50,3,0.45036339672406195
Q8N5X7,EIF4E3,0,NA
Q8N6M0,OTUD6B,0,NA
Q8N6M3,FITM2,0,NA
Q8N766,EMC1,8,0.4080584709157555
Q8N8F7,LSMEM1,4,0.3527061267586029
Q8N8N7,PTGR2,9,0.593902574809832
Q8N983,MRPL43,0,NA
Q8N9N7,LRRC57,6,0.533163115111346
Q8N9N8,EIF1AD,0,NA
Q8NB12,SMYD1,2,0.739006546801361
Q8NBF2,NHLRC2,6,0.3162780185696859
Q8NBJ7,SUMF2,1,0.3879783955429488
Q8NBN7,RDH13,3,0.5064669921880394
Q8NBS9,TXNDC5,1,0.7290352135658746
Q8NBU5,ATAD1,2,0.4460463406597786
Q8NBV4,PLPP7,0,NA
Q8NBX0,SCCPDH,0,NA
Q8NC51,SERBP1,8,0.7155980883131958
Q8NC56,LEMD2,2,0.5100762459399876
Q8NCA5,FAM98A,8,0.45116058301519696
Q8NCN5,PDPR,3,0.46905046202786044
Q8NCW5,NAXE,9,0.6239147240534124
Q8NDC0,MAPK1IP1L,1,0.3473163521930762
Q8NDH3,NPEPL1,0,NA
Q8NDY3,ADPRHL1,4,0.4030299921325704
Q8NE62,CHDH,3,0.4340997855236514
Q8NE71,ABCF1,8,0.7815107025861969
Q8NE79,BVES,0,NA
Q8NE86,MCU,0,NA
Q8NEZ2,VPS37A,0,NA
Q8NFF5,FLAD1,0,NA
Q8NFQ8,TOR1AIP2,2,0.3285715968615906
Q8NFU3,TSTD1,0,NA
Q8NFV4,ABHD11,3,0.4046680507128115
Q8NFW8,CMAS,2,0.49334486841391745
Q8NHH9,ATL2,4,0.5252589039807412
Q8NI22,MCFD2,0,NA
Q8NI37,PPTC7,3,0.6175971128564336
Q8NI60,COQ8A,4,0.4080978281790748
Q8TAE6,PPP1R14C,0,NA
Q8TAT6,NPLOC4,0,NA
Q8TB22,SPATA20,3,0.4748067860210792
Q8TB37,NUBPL,3,0.34750392521531187
Q8TB45,DEPTOR,4,0.7348210848273329
Q8TBC4,UBA3,0,NA
Q8TC07,TBC1D15,0,NA
Q8TC12,RDH11,0,NA
Q8TC44,POC1B,9,0.3109235251024215
Q8TCA0,LRRC20,6,0.3480272282463522
Q8TCC3,MRPL30,6,0.6117133538589755
Q8TCD1,C18orf32,4,0.3720149111481347
Q8TCD5,NT5C,7,0.6622779868172912
Q8TCJ2,STT3B,2,0.3958042287715014
Q8TCS8,PNPT1,3,0.65230453396652
Q8TCT8,SPPL2A,8,0.3039257461639158
Q8TCZ2,CD99L2,0,NA
Q8TD19,NEK9,6,0.5232800988881174
Q8TD30,GPT2,4,0.3943579675555544
Q8TDC0,MYOZ3,2,0.7236224742597304
Q8TDQ7,GNPDA2,7,0.3673158345248655
Q8TDX7,NEK7,4,0.5053805564893966
Q8TEA8,DTD1,0,NA
Q8TEB1,DCAF11,4,0.3238557028684671
Q8TEQ6,GEMIN5,0,NA
Q8WTS6,SETD7,6,0.4569974142797534
Q8WU76,SCFD2,0,NA
Q8WUH6,TMEM263,0,NA
Q8WUK0,PTPMT1,3,0.37427034641799917
Q8WUM4,PDCD6IP,1,0.6393724474831756
Q8WUY1,THEM6,2,0.3388649710733167
Q8WVI0,SMIM4,2,0.3213880709075622
Q8WVJ2,NUDCD2,5,0.34048845582646703
Q8WVM8,SCFD1,5,0.3102375582718122
Q8WW01,TSEN15,0,NA
Q8WW12,PCNP,6,0.4043248173494385
Q8WW22,DNAJA4,0,NA
Q8WW59,SPRYD4,3,0.6832276141090149
Q8WWC4,MAIP1,0,NA
Q8WWI1,LMO7,2,0.681047470471227
Q8WWM9,CYGB,1,0.3505430628829066
Q8WWV3,RTN4IP1,3,0.6883364801460555
Q8WWY3,PRPF31,0,NA
Q8WWZ7,ABCA5,7,0.31666230243574245
Q8WX93,PALLD,2,0.566552182084628
Q8WXH0,SYNE2,2,0.4411757688638261
Q8WXH4,ASB11,2,0.4281576215105133
Q8WY91,THAP4,0,NA
Q8WYN0,ATG4A,0,NA
Q8WYQ3,CHCHD10,3,0.47065910314874565
Q8WZ42,TTN,2,0.8912340954289663
Q8WZ82,OVCA2,0,NA
Q8WZA0,LZIC,7,0.4788484499019115
Q8WZA9,IRGQ,5,0.28702343042020734
Q92499,DDX1,8,0.7107299633724679
Q92506,HSD17B8,3,0.49925758274553134
Q92522,H1FX,2,0.43850762442976365
Q92523,CPT1B,4,0.7043192710004866
Q92526,CCT6B,0,NA
Q92530,PSMF1,5,0.7503044573921088
Q92538,GBF1,0,NA
Q92552,MRPS27,10,0.33447846183069885
Q92575,UBXN4,0,NA
Q92597,NDRG1,1,0.5399516528732087
Q92598,HSPH1,0,NA
Q92614,MYO18A,2,0.8047529329811902
Q92616,GCN1,0,NA
Q92621,NUP205,0,NA
Q92623,TTC9,0,NA
Q92629,SGCD,6,0.318219885408801
Q92643,PIGK,0,NA
Q92665,MRPS31,3,0.35398604935530525
Q92667,AKAP1,3,0.47618690336775016
Q92688,ANP32B,1,0.40101426763043785
Q92696,RABGGTA,0,NA
Q92734,TFG,7,0.4844767975073518
Q92736,RYR2,4,0.32971413556843915
Q92747,ARPC1A,0,NA
Q92783,STAM,1,0.30798281757090695
Q92804,TAF15,0,NA
Q92839,HAS1,0,NA
Q92841,DDX17,1,0.34724838715643436
Q92879,CELF1,2,0.34546029974889775
Q92882,OSTF1,1,0.4912184276371865
Q92890,UFD1,0,NA
Q92896,GLG1,0,NA
Q92900,UPF1,0,NA
Q92901,RPL3L,2,0.6925290321821534
Q92905,COPS5,0,NA
Q92930,RAB8B,1,0.4924366943991298
Q92945,KHSRP,1,0.38529957887549626
Q92947,GCDH,0,NA
Q92973,TNPO1,0,NA
Q92995,USP13,6,0.5326151211504345
Q93008,USP9X,6,0.31769878185958617
Q93009,USP7,0,NA
Q93034,CUL5,4,0.7123608556401931
Q93052,LPP,1,0.7396527317067296
Q93096,PTP4A1,0,NA
Q93100,PHKB,3,0.5909464277643312
Q969G5,CAVIN3,1,0.660867455906717
Q969J3,BORCS5,0,NA
Q969M1,TOMM40L,0,NA
Q969M7,UBE2F,0,NA
Q969Q5,RAB24,3,0.47449711643027515
Q969T9,WBP2,5,0.5207057830773931
Q969U7,PSMG2,0,NA
Q969V3,NCLN,0,NA
Q969X1,TMBIM1,5,0.47139373739446083
Q969X5,ERGIC1,0,NA
Q969Z0,TBRG4,3,0.3392190029722511
Q969Z3,MTARC2,0,NA
Q96A26,FAM162A,6,0.5833025652993543
Q96A32,MYLPF,2,0.8370402567274583
Q96A33,CCDC47,8,0.36062255347176153
Q96A35,MRPL24,3,0.3325320029642941
Q96A49,SYAP1,0,NA
Q96A57,TMEM230,0,NA
Q96A65,EXOC4,0,NA
Q96AB3,ISOC2,9,0.45998960827905055
Q96AC1,FERMT2,1,0.49686710480065693
Q96AD5,PNPLA2,6,0.4337603940645912
Q96AE4,FUBP1,8,0.31454691722183875
Q96AG3,SLC25A46,6,0.3577192676157569
Q96AG4,LRRC59,0,NA
Q96AM1,MRGPRF,1,0.5273749505487373
Q96AN5,TMEM143,10,0.6998608586586547
Q96AP7,ESAM,0,NA
Q96AQ6,PBXIP1,4,0.42108478110625486
Q96AT9,RPE,0,NA
Q96AX1,VPS33A,0,NA
Q96AX9,MIB2,2,0.5630271444694136
Q96B54,ZNF428,6,0.6767121898311909
Q96B96,TMEM159,0,NA
Q96BM9,ARL8A,4,0.3750122142897156
Q96BN8,OTULIN,0,NA
Q96BR5,COA7,3,0.47759557729245355
Q96BW5,PTER,0,NA
Q96C01,FAM136A,3,0.5413845827540015
Q96C11,FGGY,4,0.5116862931585
Q96C23,GALM,0,NA
Q96C86,DCPS,0,NA
Q96C90,PPP1R14B,0,NA
Q96CB9,NSUN4,3,0.30267512050031226
Q96CD2,PPCDC,0,NA
Q96CM8,ACSF2,3,0.4729374199529655
Q96CN7,ISOC1,7,0.3853427936348979
Q96CP2,FLYWCH2,3,0.3539909917731985
Q96CT7,CCDC124,8,0.5387501571615434
Q96CV9,OPTN,3,0.3478650857381767
Q96CW1,AP2M1,0,NA
Q96CX2,KCTD12,1,0.6761301808794126
Q96D46,NMD3,0,NA
Q96DA6,DNAJC19,0,NA
Q96DB5,RMDN1,0,NA
Q96DC8,ECHDC3,0,NA
Q96DD7,SHISA4,7,0.5697703807804035
Q96DE0,NUDT16,9,0.5181218595859765
Q96DG6,CMBL,6,0.4746851799625882
Q96DH6,MSI2,0,NA
Q96DV4,MRPL38,0,NA
Q96E11,MRRF,3,0.4057947853188208
Q96E52,OMA1,0,NA
Q96EE3,SEH1L,0,NA
Q96EH3,MALSU1,3,0.4376086376536523
Q96EK5,KIFBP,0,NA
Q96EK7,FAM120B,4,0.39433615872750133
Q96EL2,MRPS24,3,0.39225130399419167
Q96EL3,MRPL53,0,NA
Q96EM0,L3HYPDH,7,0.34395066023079646
Q96EP5,DAZAP1,2,0.32079958158464866
Q96ER9,CCDC51,3,0.4727571742715857
Q96EX1,SMIM12,6,0.5142620331675086
Q96EY1,DNAJA3,2,0.6715016741465698
Q96EY7,PTCD3,3,0.40680156754438174
Q96EY8,MMAB,0,NA
Q96F10,SAT2,0,NA
Q96F85,CNRIP1,1,0.5323484536560981
Q96FJ2,DYNLL2,2,0.3229593258516897
Q96FQ6,S100A16,1,0.340116918849328
Q96FV2,SCRN2,0,NA
Q96FW1,OTUB1,7,0.5636983689228438
Q96FZ7,CHMP6,2,0.4040805835968848
Q96G03,PGM2,5,0.5489453392821914
Q96GC5,MRPL48,3,0.40684829710705256
Q96GD0,PDXP,0,NA
Q96GE9,DMAC1,0,NA
Q96GG9,DCUN1D1,0,NA
Q96GK7,FAHD2A,3,0.37400376306796496
Q96GS4,BORCS6,2,0.3170618238963359
Q96GX9,APIP,6,0.38120821205302585
Q96GZ6,SLC41A3,0,NA
Q96H20,SNF8,0,NA
Q96HC4,PDLIM5,2,0.9144482009038208
Q96HD1,CRELD1,0,NA
Q96HE7,ERO1A,5,0.3081415489232267
Q96HJ9,FMC1,0,NA
Q96HN2,AHCYL2,4,0.4702662389119692
Q96HY6,DDRGK1,2,0.4563571384330558
Q96HY7,DHTKD1,4,0.3341981994454274
Q96I36,COX14,0,NA
Q96I59,NARS2,3,0.4676183693451787
Q96I99,SUCLG2,3,0.5748706635750552
Q96IJ6,GMPPA,0,NA
Q96IU4,ABHD14B,1,0.5830935497669743
Q96IV0,NGLY1,0,NA
Q96IX5,ATP5MD,3,0.5136537821244669
Q96JB5,CDK5RAP3,0,NA
Q96JH7,VCPIP1,0,NA
Q96JJ7,TMX3,7,0.5336521407410019
Q96JY6,PDLIM2,0,NA
Q96K17,BTF3L4,8,0.5651498166067265
Q96K19,RNF170,0,NA
Q96K76,USP47,4,0.4293754690546982
Q96KP4,CNDP2,1,0.3816314164780805
Q96L96,ALPK3,4,0.5210015207410645
Q96LW7,CARD19,0,NA
Q96MF2,STAC3,4,0.6590212716819585
Q96MF6,COQ10A,3,0.721366966732273
Q96MG2,JSRP1,6,0.593963353442646
Q96MM6,HSPA12B,0,NA
Q96MW1,CCDC43,0,NA
Q96NA2,RILP,6,0.5909472759884892
Q96ND0,FAM210A,3,0.4534408867446984
Q96P70,IPO9,5,0.4761799104474401
Q96PC5,MIA2,4,0.4644668559705409
Q96PE7,MCEE,0,NA
Q96PM5,RCHY1,3,0.31234138350182844
Q96PU8,QKI,0,NA
Q96Q06,PLIN4,1,0.5610498395886967
Q96Q83,ALKBH3,0,NA
Q96QK1,VPS35,1,0.6056638595031102
Q96QR8,PURB,0,NA
Q96RF0,SNX18,6,0.4735162350558324
Q96RL7,VPS13A,2,0.4496659616357829
Q96RP9,GFM1,3,0.505261651605239
Q96RQ3,MCCC1,3,0.47311247768694836
Q96RS6,NUDCD1,4,0.37076703478364365
Q96S19,METTL26,0,NA
Q96S66,CLCC1,6,0.5301574184878737
Q96S96,PEBP4,5,0.3895403854192923
Q96S99,PLEKHF1,2,0.32184058705527463
Q96SL4,GPX7,6,0.40171008302630623
Q96SU4,OSBPL9,4,0.31884444218390956
Q96SW2,CRBN,0,NA
Q96T51,RUFY1,1,0.3048540400479438
Q96T66,NMNAT3,0,NA
Q96TA1,NIBAN2,0,NA
Q99417,MYCBP,4,0.3166633265883137
Q99426,TBCB,0,NA
Q99436,PSMB7,0,NA
Q99442,SEC62,0,NA
Q99447,PCYT2,4,0.3330021929214538
Q99460,PSMD1,0,NA
Q99471,PFDN5,9,0.3810779924027497
Q99497,PARK7,5,0.33457486676020953
Q99536,VAT1,1,0.8989987489158366
Q99541,PLIN2,3,0.5680161183239745
Q99584,S100A13,1,0.5129110490826376
Q99598,TSNAX,7,0.43977094614028
Q99613,EIF3C,0,NA
Q99614,TTC1,0,NA
Q99615,DNAJC7,4,0.3975840764856385
Q99622,C12orf57,0,NA
Q99623,PHB2,10,0.7601591497671151
Q99627,COPS8,5,0.34082542931727106
Q99643,SDHC,3,0.48982945468043104
Q99653,CHP1,9,0.5543388122384584
Q99685,MGLL,1,0.6025478143118952
Q99714,HSD17B10,3,0.44939778260090585
Q99729,HNRNPAB,0,NA
Q99733,NAP1L4,0,NA
Q99747,NAPG,0,NA
Q99757,TXN2,9,0.7586623461157064
Q99766,DMAC2L,3,0.3997282537889353
Q99797,MIPEP,3,0.35618058757710536
Q99798,ACO2,3,0.6317609348688102
Q99805,TM9SF2,0,NA
Q99807,COQ7,0,NA
Q99808,SLC29A1,5,0.3352770438382496
Q99816,TSG101,0,NA
Q99829,CPNE1,1,0.45859914717485084
Q99832,CCT7,0,NA
Q99873,PRMT1,4,0.6070375436864205
Q99972,MYOC,1,0.6193725206895472
Q99985,SEMA3C,0,NA
Q9BPX5,ARPC5L,0,NA
Q9BQ61,TRIR,0,NA
Q9BQ69,MACROD1,0,NA
Q9BQ90,KLHDC3,0,NA
Q9BQA1,WDR77,6,0.37221409821796725
Q9BQB6,VKORC1,0,NA
Q9BQC6,MRPL57,0,NA
Q9BQS8,FYCO1,4,0.5475904094233148
Q9BR39,JPH2,8,0.720348665977526
Q9BRA2,TXNDC17,0,NA
Q9BRC7,PLCD4,4,0.5514471289841215
Q9BRF8,CPPED1,1,0.4650242269672293
Q9BRG1,VPS25,0,NA
Q9BRP8,PYM1,2,0.5145651930307368
Q9BRT2,UQCC2,9,0.4752869845518526
Q9BRT3,MIEN1,1,0.3400239772855198
Q9BRX2,PELO,2,0.4121002603766666
Q9BRX8,PRXL2A,5,0.5113470977065059
Q9BS26,ERP44,7,0.46504462763161414
Q9BS40,LXN,5,0.78069167307291365
Q9BS92,NIPSNAP3B,3,0.5267183938680278
Q9BSD7,NTPCR,0,NA
Q9BSE5,AGMAT,3,0.35340912197956226
Q9BSH4,TACO1,3,0.6557381306414736
Q9BSH5,HDHD3,0,NA
Q9BSJ8,ESYT1,1,0.6587295519587095
Q9BSL1,UBAC1,0,NA
Q9BT73,PSMG3,0,NA
Q9BT78,COPS4,0,NA
Q9BTE1,DCTN5,0,NA
Q9BTE6,AARSD1,0,NA
Q9BTT0,ANP32E,0,NA
Q9BTV4,TMEM43,1,0.5089784461597874
Q9BTW9,TBCD,0,NA
Q9BTY7,HGH1,0,NA
Q9BTZ2,DHRS4,0,NA
Q9BU02,THTPA,7,0.37784013983946263
Q9BU61,NDUFAF3,3,0.4493939608937377
Q9BU89,DOHH,0,NA
Q9BUB5,MKNK1,0,NA
Q9BUB7,TMEM70,3,0.44343027906336735
Q9BUE6,ISCA1,3,0.4356190646190899
Q9BUF5,TUBB6,1,0.6433964954509311
Q9BUH6,PAXX,0,NA
Q9BUJ2,HNRNPUL1,7,0.5059560285272154
Q9BUK0,CHCHD7,3,0.40619069676874925
Q9BUL8,PDCD10,9,0.5159305134393114
Q9BUN5,CCDC28B,4,0.536852982693725
Q9BUR5,APOO,10,0.5304055552699575
Q9BUT1,BDH2,1,0.30226344167843044
Q9BV20,MRI1,1,0.3019914049620701
Q9BV57,ADI1,0,NA
Q9BV68,RNF126,0,NA
Q9BV79,MECR,3,0.5441039421394889
Q9BV81,EMC6,0,NA
Q9BV86,NTMT1,2,0.36281989474399096
Q9BVA1,TUBB2B,0,NA
Q9BVC4,MLST8,0,NA
Q9BVC6,TMEM109,0,NA
Q9BVG4,PBDC1,9,0.33181441825842806
Q9BVJ7,DUSP23,0,NA
Q9BVK6,TMED9,1,0.37337302571846026
Q9BVL4,SELENOO,0,NA
Q9BVT8,TMUB1,2,0.3888089876634048
Q9BVV7,TIMM21,3,0.5814733310991926
Q9BW30,TPPP3,1,0.5173317381972573
Q9BW91,NUDT9,6,0.31623572551997303
Q9BWD1,ACAT2,5,0.5702808479486424
Q9BWH2,FUNDC2,4,0.5637845151371123
Q9BWM7,SFXN3,1,0.654819872470818
Q9BWS9,CHID1,5,0.3040383572844899
Q9BX66,SORBS1,2,0.505537206046739
Q9BX68,HINT2,3,0.36306014510037404
Q9BXB4,OSBPL11,2,0.354151741861459
Q9BXI3,NT5C1A,6,0.471433118388861
Q9BXJ8,TMEM120A,2,0.4324681867998181
Q9BXJ9,NAA15,0,NA
Q9BXK5,BCL2L13,0,NA
Q9BXN1,ASPN,1,0.7359534850524648
Q9BXP5,SRRT,0,NA
Q9BXS1,IDI2,9,0.5046053048605317
Q9BXS5,AP1M1,1,0.47004475329724593
Q9BXT2,CACNG6,9,0.3968046168699583
Q9BXV9,GON7,0,NA
Q9BXW6,OSBPL1A,0,NA
Q9BXW7,HDHD5,3,0.5481780768977923
Q9BY43,CHMP4A,4,0.36617115729128097
Q9BY44,EIF2A,8,0.7886524196255503
Q9BYC8,MRPL32,3,0.34147768048881266
Q9BYD1,MRPL13,0,NA
Q9BYD2,MRPL9,3,0.3239287727170312
Q9BYD3,MRPL4,0,NA
Q9BYD6,MRPL1,3,0.48632901588318106
Q9BYT8,NLN,0,NA
Q9BYV2,TRIM54,0,NA
Q9BYV6,TRIM55,6,0.5544881170317607
Q9BYV7,BCO2,3,0.6473291875982299
Q9BYZ2,LDHAL6B,9,0.32438418333720703
Q9BZE1,MRPL37,2,0.33145654870136787
Q9BZE9,ASPSCR1,0,NA
Q9BZF3,OSBPL6,6,0.3636126977195718
Q9BZF9,UACA,0,NA
Q9BZL1,UBL5,3,0.3294698337172212
Q9BZQ8,NIBAN1,0,NA
Q9BZV1,UBXN6,0,NA
Q9BZW5,TM6SF1,2,0.3192157118433566
Q9BZZ5,API5,0,NA
Q9C0C2,TNKS1BP1,1,0.5739213163429236
Q9C0C9,UBE2O,5,0.35329630041749915
Q9C0D3,ZYG11B,0,NA
Q9C0E2,XPO4,0,NA
Q9C0E8,LNPK,0,NA
Q9GZM7,TINAGL1,2,0.6328112368842486
Q9GZN8,C20orf27,0,NA
Q9GZP4,PITHD1,5,0.6040376989291225
Q9GZS3,WDR61,0,NA
Q9GZT3,SLIRP,3,0.5326752582080663
Q9GZT8,NIF3L1,0,NA
Q9GZT9,EGLN1,4,0.3124815632927427
Q9GZV1,ANKRD2,0,NA
Q9GZY8,MFF,0,NA
Q9GZZ1,NAA50,0,NA
Q9GZZ9,UBA5,5,0.310269394075383
Q9H000,MKRN2,2,0.32778617488827455
Q9H008,LHPP,0,NA
Q9H019,MTFR1L,0,NA
Q9H061,TMEM126A,0,NA
Q9H074,PAIP1,0,NA
Q9H078,CLPB,3,0.5473172284314111
Q9H0B6,KLC2,0,NA
Q9H0E2,TOLLIP,7,0.4408517352943601
Q9H0N5,PCBD2,0,NA
Q9H0P0,NT5C3A,9,0.5054085813156052
Q9H0Q0,FAM49A,1,0.29905033059554414
Q9H0R4,HDHD2,0,NA
Q9H0R6,QRSL1,0,NA
Q9H0U3,MAGT1,0,NA
Q9H0U4,RAB1B,0,NA
Q9H0U6,MRPL18,0,NA
Q9H0V9,LMAN2L,7,0.407027283999346
Q9H0W9,C11orf54,4,0.35367886890655376
Q9H173,SIL1,0,NA
Q9H1C7,CYSTM1,4,0.2990827880991418
Q9H1E3,NUCKS1,1,0.37971554682472497
Q9H1E5,TMX4,0,NA
Q9H1K1,ISCU,0,NA
Q9H1R3,MYLK2,4,0.5313359274032352
Q9H1Z4,WDR13,2,0.4535653482790861
Q9H223,EHD4,1,0.5378612859532156
Q9H246,C1orf21,4,0.30478677341654475
Q9H299,SH3BGRL3,1,0.6554289023161445
Q9H2G2,SLK,6,0.39764618071231034
Q9H2H8,PPIL3,5,0.35144541956457753
Q9H2J4,PDCL3,4,0.3895077602971991
Q9H2K0,MTIF3,0,NA
Q9H2M9,RAB3GAP2,1,0.47339904708642094
Q9H2U2,PPA2,3,0.4629429827529071
Q9H2W6,MRPL46,3,0.42987034294199056
Q9H330,TMEM245,0,NA
Q9H3H3,C11orf68,4,0.3317041967214243
Q9H3K2,GHITM,0,NA
Q9H3K6,BOLA2,1,0.5458694847882394
Q9H3N1,TMX1,0,NA
Q9H3P7,ACBD3,0,NA
Q9H3S7,PTPN23,0,NA
Q9H444,CHMP4B,0,NA
Q9H446,RWDD1,7,0.4077917324319918
Q9H477,RBKS,4,0.500294281187803
Q9H479,FN3K,5,0.32528128931498346
Q9H488,POFUT1,0,NA
Q9H4A3,WNK1,0,NA
Q9H4A4,RNPEP,4,0.341941465976999
Q9H4G4,GLIPR2,1,0.8256861451708886
Q9H4M9,EHD1,1,0.42570138797603635
Q9H511,KLHL31,4,0.4304093392280074
Q9H5X1,CIAO2A,0,NA
Q9H6F2,TMEM38A,2,0.48089959128972787
Q9H6K4,OPA3,3,0.3408756723655453
Q9H6L5,RETREG1,6,0.5471531564492242
Q9H6Q4,CIAO3,0,NA
Q9H6U8,ALG9,2,0.3061676609254801
Q9H6Z4,RANBP3,0,NA
Q9H773,DCTPP1,6,0.38473609115646906
Q9H7C4,SYNC,2,0.48360977853073206
Q9H7C9,AAMDC,0,NA
Q9H7M6,ZSWIM4,2,0.6195215817589116
Q9H7Z7,PTGES2,3,0.5127234446573224
Q9H832,UBE2Z,0,NA
Q9H845,ACAD9,0,NA
Q9H853,TUBA4B,0,NA
Q9H8H3,METTL7A,5,0.334893742208101
Q9H8T0,AKTIP,9,0.4386400628315637
Q9H8W4,PLEKHF2,0,NA
Q9H8Y8,GORASP2,0,NA
Q9H902,REEP1,0,NA
Q9H910,JPT2,0,NA
Q9H987,SYNPO2L,2,0.894878228865625
Q9H993,ARMT1,4,0.402369185276749
Q9H9A6,LRRC40,0,NA
Q9H9B4,SFXN1,3,0.46379535173094893
Q9H9J2,MRPL44,3,0.41997178288712805
Q9H9P8,L2HGDH,3,0.6609056738358977
Q9H9Q2,COPS7B,5,0.3762346052681145
Q9HA64,FN3KRP,5,0.36325792618138403
Q9HA65,TBC1D17,4,0.4621658641155783
Q9HA77,CARS2,0,NA
Q9HAB8,PPCS,3,0.3606556922339254
Q9HAC7,SUGCT,0,NA
Q9HAN9,NMNAT1,0,NA
Q9HAT2,SIAE,0,NA
Q9HAV7,GRPEL1,3,0.5476622436322889
Q9HAY6,BCO1,0,NA
Q9HB07,C12orf10,0,NA
Q9HB71,CACYBP,0,NA
Q9HBH1,PDF,0,NA
Q9HBH5,RDH14,3,0.3247205989794856
Q9HBI1,PARVB,0,NA
Q9HBL0,TNS1,2,0.5554539550634587
Q9HBL7,PLGRKT,2,0.4346578310575478
Q9HC35,EML4,0,NA
Q9HC38,GLOD4,1,0.4857189773022168
Q9HCC0,MCCC2,3,0.5727742354627425
Q9HCE6,ARHGEF10L,0,NA
Q9HCP6,HHATL,2,0.6538128646284533
Q9HCU5,PREB,0,NA
Q9HD15,SRA1,7,0.301372958983952
Q9HD33,MRPL47,0,NA
Q9HD42,CHMP1A,0,NA
Q9HDC5,JPH1,2,0.4887482288700672
Q9HDC9,APMAP,1,0.474500128286093
Q9NNW7,TXNRD2,4,0.5857818738053764
Q9NP72,RAB18,0,NA
Q9NP74,PALMD,0,NA
Q9NP77,SSU72,4,0.38812032502501354
Q9NP79,VTA1,0,NA
Q9NP81,SARS2,3,0.4854950866659355
Q9NP92,MRPS30,0,NA
Q9NP97,DYNLRB1,0,NA
Q9NP98,MYOZ1,2,0.816131866569312
Q9NPA0,EMC7,0,NA
Q9NPB0,SAYSD1,0,NA
Q9NPC6,MYOZ2,2,0.7238568847326222
Q9NPF4,OSGEP,9,0.3051328260838516
Q9NPH2,ISYNA1,1,0.40505254109017447
Q9NPI7,KRCC1,2,0.40379336483651723
Q9NPJ3,ACOT13,0,NA
Q9NPL8,TIMMDC1,0,NA
Q9NPQ8,RIC8A,9,0.4684534784871907
Q9NPY3,CD93,0,NA
Q9NQ50,MRPL40,0,NA
Q9NQ66,PLCB1,3,0.35877507852632046
Q9NQ84,GPRC5C,2,0.32299615374578433
Q9NQ88,TIGAR,2,0.3202872380219508
Q9NQC3,RTN4,1,0.43125352806297274
Q9NQE9,HINT3,7,0.39834683197890286
Q9NQH7,XPNPEP3,0,NA
Q9NQP4,PFDN4,0,NA
Q9NQR4,NIT2,7,0.3850766970457676
Q9NQW7,XPNPEP1,4,0.4289611834496736
Q9NQX3,GPHN,4,0.4291550083940665
Q9NQZ5,STARD7,6,0.5751533002206395
Q9NR12,PDLIM7,2,0.8910705800645699
Q9NR19,ACSS2,0,NA
Q9NR28,DIABLO,3,0.4081800552460415
Q9NR31,SAR1A,1,0.29952152633048
Q9NR45,NANS,1,0.3716683760677879
Q9NR46,SH3GLB2,0,NA
Q9NR50,EIF2B3,0,NA
Q9NR56,MBNL1,0,NA
Q9NRD1,FBXO6,0,NA
Q9NRG4,SMYD2,0,NA
Q9NRG7,SDR39U1,9,0.355868511409107
Q9NRK6,ABCB10,0,NA
Q9NRN7,AASDHPPT,6,0.4507438773854021
Q9NRN9,METTL5,0,NA
Q9NRP0,OSTC,7,0.43749586682281416
Q9NRP2,CMC2,3,0.37614984386529937
Q9NRR5,UBQLN4,0,NA
Q9NRV9,HEBP1,5,0.6989875009235316
Q9NRW7,VPS45,0,NA
Q9NRX2,MRPL17,0,NA
Q9NRX4,PHPT1,6,0.2816617219578633
Q9NRX5,SERINC1,0,NA
Q9NRY5,FAM114A2,5,0.38696761168963567
Q9NRZ7,AGPAT3,2,0.33488656720095555
Q9NS69,TOMM22,2,0.33772206039724606
Q9NS86,LANCL2,4,0.4000104029365878
Q9NSA3,CTNNBIP1,0,NA
Q9NSC5,HOMER3,6,0.5617887679336305
Q9NSD9,FARSB,8,0.8223422174635302
Q9NSE4,IARS2,3,0.6286889493165932
Q9NSK7,C19orf12,7,0.44509323050720134
Q9NT62,ATG3,1,0.3348343042767227
Q9NTG7,SIRT3,3,0.4129636856155806
Q9NTJ4,MAN2C1,4,0.3284168371731873
Q9NTJ5,SACM1L,5,0.3875728773891015
Q9NTK5,OLA1,5,0.38052306022478244
Q9NTM9,CUTC,4,0.45454904841737487
Q9NTX5,ECHDC1,1,0.4493613802192326
Q9NTX7,RNF146,0,NA
Q9NUB1,ACSS1,3,0.44795220605660957
Q9NUJ1,ABHD10,3,0.367640590664337
Q9NUL3,STAU2,2,0.5131610709709534
Q9NUL7,DDX28,3,0.3057162815890077
Q9NUQ7,UFSP2,0,NA
Q9NUQ8,ABCF3,0,NA
Q9NUQ9,FAM49B,0,NA
Q9NUT2,ABCB8,0,NA
Q9NUU7,DDX19A,0,NA
Q9NV70,EXOC1,0,NA
Q9NVA1,UQCC1,3,0.5799771977767947
Q9NVA2,SEPTIN11,1,0.5409530675024865
Q9NVD7,PARVA,1,0.6909656636280508
Q9NVE7,PANK4,4,0.5382828577531253
Q9NVH1,DNAJC11,0,NA
Q9NVH6,TMLHE,3,0.45450552793907045
Q9NVI7,ATAD3A,2,0.4906768661308619
Q9NVJ2,ARL8B,7,0.5659274613163837
Q9NVS2,MRPS18A,3,0.4066912511967665
Q9NVS9,PNPO,0,NA
Q9NVT9,ARMC1,0,NA
Q9NVV0,TMEM38B,6,0.5277859213504286
Q9NVV5,AIG1,0,NA
Q9NWT6,HIF1AN,0,NA
Q9NWU1,OXSM,3,0.540768448039677
Q9NWU5,MRPL22,10,0.3487562132290919
Q9NWV4,CZIB,0,NA
Q9NWV8,BABAM1,6,0.38872456353781104
Q9NWW6,NMRK1,7,0.30515360552583576
Q9NX14,NDUFB11,10,0.5897338432192752
Q9NX18,SDHAF2,0,NA
Q9NX20,MRPL16,0,NA
Q9NX40,OCIAD1,10,0.5133029413167189
Q9NX46,ADPRHL2,6,0.5067309110381583
Q9NX47,MARCHF5,6,0.33687222624185287
Q9NX55,HYPK,0,NA
Q9NX62,IMPAD1,7,0.4209873879481648
Q9NX63,CHCHD3,10,0.6596406458125079
Q9NXA8,SIRT5,3,0.5192721252285755
Q9NXG2,THUMPD1,0,NA
Q9NXJ5,PGPEP1,0,NA
Q9NXR7,BABAM2,0,NA
Q9NXW2,DNAJB12,0,NA
Q9NY33,DPP3,5,0.5430336232134034
Q9NY65,TUBA8,9,0.6371152339113516
Q9NYJ1,COA4,3,0.5599257185932622
Q9NYK5,MRPL39,3,0.4829437124312329
Q9NYL2,MAP3K20,6,0.638471041328223
Q9NYU2,UGGT1,0,NA
Q9NZ01,TECR,2,0.6016601741140356
Q9NZ08,ERAP1,0,NA
Q9NZ32,ACTR10,0,NA
Q9NZ43,USE1,0,NA
Q9NZ45,CISD1,3,0.3004755154344093
Q9NZA1,CLIC5,9,0.38924271341456956
Q9NZB2,FAM120A,2,0.40971661079968913
Q9NZC3,GDE1,4,0.4699893531725131
Q9NZD2,GLTP,6,0.594474245990509
Q9NZH0,GPRC5B,0,NA
Q9NZJ6,COQ3,3,0.5031882172666186
Q9NZJ7,MTCH1,0,NA
Q9NZL4,HSPBP1,7,0.5111840143294213
Q9NZL9,MAT2B,0,NA
Q9NZM1,MYOF,1,0.6356369830410544
Q9NZN4,EHD2,1,0.7873445477936487
Q9NZQ9,TMOD4,2,0.8822758637638242
Q9NZU5,LMCD1,4,0.49551778527479334
Q9P003,CNIH4,9,0.3721147197426113
Q9P015,MRPL15,3,0.3465771039957707
Q9P032,NDUFAF4,3,0.406260161631526
Q9P0I2,EMC3,2,0.30493628121385635
Q9P0J0,NDUFA13,2,0.420471292022607
Q9P0J1,PDP1,3,0.5580373451787636
Q9P0L0,VAPA,8,0.5344382546470131
Q9P0M2,AKAP7,0,NA
Q9P0M9,MRPL27,0,NA
Q9P0P0,RNF181,4,0.4062175936599311
Q9P0P8,MTRES1,0,NA
Q9P0U1,TOMM7,0,NA
Q9P0V9,SEPTIN10,0,NA
Q9P253,VPS18,1,0.3575031927026149
Q9P287,BCCIP,7,0.41843269469568484
Q9P291,ARMCX1,4,0.31198153758490177
Q9P299,COPZ2,0,NA
Q9P2E9,RRBP1,1,0.6117636863211101
Q9P2J5,LARS1,3,0.3915986022500279
Q9P2R3,ANKFY1,1,0.6011266622192714
Q9P2R7,SUCLA2,3,0.8655002761854558
Q9P2T1,GMPR2,0,NA
Q9P2X0,DPM3,5,0.3380356103160962
Q9P2X3,IMPACT,0,NA
Q9UBB4,ATXN10,3,0.34729084462141263
Q9UBC2,EPS15L1,0,NA
Q9UBE0,SAE1,0,NA
Q9UBF2,COPG2,0,NA
Q9UBF6,RNF7,4,0.6105071749776222
Q9UBF9,MYOT,2,0.8629981498200177
Q9UBG0,MRC2,1,0.49319044146631713
Q9UBI6,GNG12,1,0.6814741362922734
Q9UBQ0,VPS29,1,0.38707550372714006
Q9UBQ5,EIF3K,0,NA
Q9UBQ7,GRHPR,7,0.4815629680992246
Q9UBR2,CTSZ,1,0.48506074196933086
Q9UBS8,RNF14,7,0.3362857261807334
Q9UBT2,UBA2,1,0.3456342717741198
Q9UBW8,COPS7A,4,0.3145421553322828
Q9UBX3,SLC25A10,5,0.30477375709143056
Q9UBX5,FBLN5,1,0.40844545034154023
Q9UBY9,HSPB7,2,0.2956388210979609
Q9UDW1,UQCR10,3,0.43465298454924534
Q9UDX5,MTFP1,0,NA
Q9UDY4,DNAJB4,2,0.7412561885822396
Q9UEY8,ADD3,1,0.6472934874261662
Q9UFN0,NIPSNAP3A,0,NA
Q9UG63,ABCF2,8,0.5709118447347085
Q9UGI8,TES,1,0.47810262453262375
Q9UGI9,PRKAG3,7,0.38895553258619514
Q9UGM6,WARS2,3,0.42272926315679027
Q9UGP8,SEC63,2,0.29159506809059066
Q9UH62,ARMCX3,2,0.29063519060694204
Q9UH90,FBXO40,0,NA
Q9UH99,SUN2,2,0.308563134974875
Q9UHA4,LAMTOR3,0,NA
Q9UHB9,SRP68,0,NA
Q9UHD1,CHORDC1,0,NA
Q9UHD8,SEPTIN9,1,0.6045202366539931
Q9UHD9,UBQLN2,0,NA
Q9UHG3,PCYOX1,0,NA
Q9UHL4,DPP7,1,0.30932893653833743
Q9UHP9,SMPX,0,NA
Q9UHQ4,BCAP29,2,0.38642111725043254
Q9UHQ9,CYB5R1,8,0.4872311100822749
Q9UHV9,PFDN2,7,0.39230112160360814
Q9UHX1,PUF60,0,NA
Q9UHY1,NRBP1,0,NA
Q9UHY7,ENOPH1,4,0.4979161938171344
Q9UI09,NDUFA12,10,0.7292164725111472
Q9UI10,EIF2B4,0,NA
Q9UI12,ATP6V1H,4,0.433802433433373
Q9UI30,TRMT112,0,NA
Q9UI47,CTNNA3,6,0.36340567633078535
Q9UIA9,XPO7,0,NA
Q9UIC8,LCMT1,7,0.4317833446256659
Q9UID3,VPS51,0,NA
Q9UII2,ATP5IF1,0,NA
Q9UII6,DUSP13,7,0.31650179040020754
Q9UIJ7,AK3,3,0.5834422141174802
Q9UIQ6,LNPEP,0,NA
Q9UJ68,MSRA,0,NA
Q9UJ70,NAGK,1,0.5034291788750711
Q9UJS0,SLC25A13,0,NA
Q9UJU6,DBNL,1,0.6184757555346467
Q9UJW0,DCTN4,0,NA
Q9UJY1,HSPB8,2,0.7284176567321174
Q9UJY5,GGA1,7,0.42682240278554645
Q9UJZ1,STOML2,0,NA
Q9UK41,VPS28,0,NA
Q9UK45,LSM7,7,0.55284297628257
Q9UK76,JPT1,6,0.4572092393917937
Q9UK99,FBXO3,3,0.3817024659677185
Q9UKG1,APPL1,6,0.6045835605673666
Q9UKL6,PCTP,4,0.36333812284065903
Q9UKP3,ITGB1BP2,3,0.39372619849956314
Q9UKS6,PACSIN3,8,0.5367969977730078
Q9UKU7,ACAD8,3,0.5734408874049111
Q9UKV8,AGO2,2,0.44163996864142874
Q9UKX2,MYH2,2,0.8600329686598261
Q9UKX3,MYH13,2,0.8670162796110096
Q9UKY7,CDV3,0,NA
Q9UL15,BAG5,0,NA
Q9UL25,RAB21,0,NA
Q9UL46,PSME2,1,0.30755504172629244
Q9ULA0,DNPEP,1,0.3240157491453311
Q9ULC0,EMCN,0,NA
Q9ULC4,MCTS1,0,NA
Q9ULP9,TBC1D24,5,0.3695892903787786
Q9ULT8,HECTD1,4,0.4277087103485627
Q9ULV4,CORO1C,1,0.5540824109459058
Q9ULX7,CA14,3,0.6666064533339742
Q9UM00,TMCO1,0,NA
Q9UM22,EPDR1,0,NA
Q9UMS0,NFU1,0,NA
Q9UMS6,SYNPO2,2,0.9490684939527567
Q9UMX0,UBQLN1,7,0.537655893930258
Q9UMX5,NENF,9,0.46841630702324627
Q9UMY4,SNX12,0,NA
Q9UN36,NDRG2,5,0.3415811368351553
Q9UN37,VPS4A,0,NA
Q9UN42,ATP1B4,0,NA
Q9UN86,G3BP2,8,0.42061106581223334
Q9UNE7,STUB1,6,0.5432124512462359
Q9UNF0,PACSIN2,0,NA
Q9UNH7,SNX6,1,0.630603211049154
Q9UNM6,PSMD13,0,NA
Q9UNN5,FAF1,0,NA
Q9UNP9,PPIE,4,0.32342434669934317
Q9UNS2,COPS3,6,0.3873886753051247
Q9UNZ2,NSFL1C,5,0.46082082571108374
Q9UP65,PLA2G4C,6,0.4946734929681263
Q9UPN7,PPP6R1,6,0.39307688997340545
Q9UPQ0,LIMCH1,2,0.7440220775373314
Q9UPR0,PLCL2,4,0.2993906052747933
Q9UPU5,USP24,4,0.5706944352151417
Q9UPY8,MAPRE3,0,NA
Q9UQ16,DNM3,9,0.5094563117079313
Q9UQ49,NEU3,0,NA
Q9UQ80,PA2G4,8,0.7770344929297178
Q9UQ90,SPG7,0,NA
Q9UQK1,PPP1R3C,0,NA
Q9UQM7,CAMK2A,2,0.5184402250111075
Q9UQN3,CHMP2B,0,NA
Q9Y217,MTMR6,2,0.3456246725991744
Q9Y224,RTRAF,8,0.5611029444314203
Q9Y230,RUVBL2,0,NA
Q9Y235,APOBEC2,0,NA
Q9Y237,PIN4,0,NA
Q9Y262,EIF3L,8,0.3705933950562425
Q9Y263,PLAA,4,0.5343197866910959
Q9Y265,RUVBL1,0,NA
Q9Y266,NUDC,0,NA
Q9Y276,BCS1L,3,0.406551400106377
Q9Y277,VDAC3,10,0.5765077833460805
Q9Y281,CFL2,6,0.3137134170945735
Q9Y285,FARSA,8,0.7967641472801394
Q9Y295,DRG1,0,NA
Q9Y2A7,NCKAP1,1,0.3161615248409713
Q9Y2B0,CNPY2,0,NA
Q9Y2B9,PKIG,5,0.33766510180754317
Q9Y2E4,DIP2C,4,0.4792896438855526
Q9Y2H0,DLGAP4,0,NA
Q9Y2H1,STK38L,7,0.3754643516678854
Q9Y2I8,WDR37,0,NA
Q9Y2J8,PADI2,0,NA
Q9Y2K3,MYH15,2,0.49656066936615556
Q9Y2Q3,GSTK1,3,0.48565249066989735
Q9Y2Q5,LAMTOR2,0,NA
Q9Y2Q9,MRPS28,0,NA
Q9Y2R0,COA3,3,0.31199581276865784
Q9Y2R5,MRPS17,0,NA
Q9Y2R9,MRPS7,2,0.32093152193605884
Q9Y2S2,CRYL1,0,NA
Q9Y2S6,TMA7,0,NA
Q9Y2S7,POLDIP2,3,0.5019888897689679
Q9Y2T3,GDA,7,0.3030253447538147
Q9Y2V2,CARHSP1,5,0.6177555844848663
Q9Y2W1,THRAP3,5,0.3199533302659706
Q9Y2X3,NOP58,2,0.42756547804508155
Q9Y2Z0,SUGT1,0,NA
Q9Y2Z4,YARS2,0,NA
Q9Y2Z9,COQ6,3,0.5858570332488253
Q9Y305,ACOT9,3,0.665752526242636
Q9Y315,DERA,5,0.5198352169883317
Q9Y316,MEMO1,2,0.4534869580007654
Q9Y320,TMX2,0,NA
Q9Y333,LSM2,0,NA
Q9Y365,STARD10,0,NA
Q9Y371,SH3GLB1,5,0.3574713504279882
Q9Y375,NDUFAF1,3,0.31941396933296456
Q9Y376,CAB39,6,0.39845532654440413
Q9Y383,LUC7L2,0,NA
Q9Y394,DHRS7,0,NA
Q9Y399,MRPS2,3,0.40380617535512703
Q9Y3A3,MOB4,0,NA
Q9Y3A5,SBDS,4,0.5994384055846073
Q9Y3A6,TMED5,0,NA
Q9Y3B3,TMED7,7,0.4271493714412958
Q9Y3B4,SF3B6,2,0.3978228926121156
Q9Y3B7,MRPL11,3,0.46548052061500644
Q9Y3B8,REXO2,5,0.4359855269677775
Q9Y3C4,TPRKB,0,NA
Q9Y3C6,PPIL1,0,NA
Q9Y3D2,MSRB2,3,0.392457335701751
Q9Y3D3,MRPS16,0,NA
Q9Y3D6,FIS1,0,NA
Q9Y3D7,PAM16,3,0.3276679402805852
Q9Y3D8,AK6,0,NA
Q9Y3D9,MRPS23,3,0.4806658378428361
Q9Y3E5,PTRH2,6,0.309864151827271
Q9Y3E7,CHMP3,0,NA
Q9Y3F4,STRAP,0,NA
Q9Y3I0,RTCB,8,0.7023700755135042
Q9Y3I1,FBXO7,5,0.7589675355468695
Q9Y3L5,RAP2C,0,NA
Q9Y3P9,RABGAP1,4,0.40002781377115654
Q9Y3S2,ZNF330,6,0.4661138189915512
Q9Y3U8,RPL36,2,0.3209967910146245
Q9Y3Z3,SAMHD1,1,0.5941074373167309
Q9Y450,HBS1L,4,0.5630784154339988
Q9Y490,TLN1,1,0.9213571224861715
Q9Y4E8,USP15,5,0.5644602073230683
Q9Y4G6,TLN2,2,0.4684813437934011
Q9Y4J8,DTNA,2,0.44925834801044345
Q9Y4L1,HYOU1,0,NA
Q9Y4W6,AFG3L2,3,0.6519512085065903
Q9Y4X5,ARIH1,4,0.7092591895149265
Q9Y4Z0,LSM4,0,NA
Q9Y508,RNF114,4,0.38305364909352296
Q9Y512,SAMM50,10,0.7399600676949902
Q9Y570,PPME1,0,NA
Q9Y584,TIMM22,3,0.30919384021550406
Q9Y5A7,NUB1,0,NA
Q9Y5J7,TIMM9,0,NA
Q9Y5J9,TIMM8B,3,0.3839036505630598
Q9Y5K5,UCHL5,0,NA
Q9Y5K8,ATP6V1D,0,NA
Q9Y5L0,TNPO3,0,NA
Q9Y5L4,TIMM13,3,0.5967007917170749
Q9Y5M8,SRPRB,0,NA
Q9Y5P4,CERT1,4,0.31101685305712035
Q9Y5P6,GMPPB,5,0.47441183229736356
Q9Y5R8,TRAPPC1,9,0.31800562843552654
Q9Y5S9,RBM8A,5,0.34343273648107375
Q9Y5U8,MPC1,3,0.350277014199968
Q9Y5V0,ZNF706,2,0.3165822754037524
Q9Y5X1,SNX9,0,NA
Q9Y5X3,SNX5,1,0.32877992100426084
Q9Y5Y2,NUBP2,6,0.43613055394305644
Q9Y5Z4,HEBP2,6,0.5240006982296365
Q9Y613,FHOD1,4,0.5809911433794368
Q9Y623,MYH4,2,0.7777676865876714
Q9Y639,NPTN,0,NA
Q9Y646,CPQ,1,0.5461552625767612
Q9Y673,ALG5,0,NA
Q9Y676,MRPS18B,3,0.5716252775882094
Q9Y678,COPG1,1,0.41804327871809127
Q9Y696,CLIC4,1,0.7662950100101564
Q9Y697,NFS1,3,0.3337331080180167
Q9Y6A9,SPCS1,0,NA
Q9Y6B6,SAR1B,4,0.4384906918044724
Q9Y6C9,MTCH2,10,0.7256563939347108
Q9Y6E0,STK24,5,0.3797101477296161
Q9Y6E2,BZW2,4,0.5158249076627797
Q9Y6G5,COMMD10,1,0.38741512570452025
Q9Y6G9,DYNC1LI1,0,NA
Q9Y6H1,CHCHD2,0,NA
Q9Y6I9,TEX264,0,NA
Q9Y6M9,NDUFB9,10,0.7843608752867287
Q9Y6N1,COX11,4,0.4992057584051213
Q9Y6N5,SQOR,1,0.4284589254539698
Q9Y6P5,SESN1,4,0.43512892726078606
Q9Y6W3,CAPN7,0,NA
Q9Y6X5,ENPP4,0,NA
Q9Y6Y0,IVNS1ABP,0,NA
Q9Y6Y8,SEC23IP,0,NA
